"site.id","site.num","lat","long","year","tmean","ppt","drought"
"06",1,54.83086,111.71303,1972,8.83333333333333,338,0.0261341222879684
"06",1,54.83086,111.71303,1973,8.86666666666667,363,0.0244260789715335
"06",1,54.83086,111.71303,1974,8.03333333333333,433,0.0185527328714396
"06",1,54.83086,111.71303,1975,7.2,316,0.0227848101265823
"06",1,54.83086,111.71303,1976,9.8,260,0.0376923076923077
"06",1,54.83086,111.71303,1977,10.5333333333333,274,0.0384428223844282
"06",1,54.83086,111.71303,1978,9.03333333333333,263,0.0343472750316857
"06",1,54.83086,111.71303,1979,6.73333333333333,357,0.0188608776844071
"06",1,54.83086,111.71303,1980,11.1666666666667,299,0.0373467112597547
"06",1,54.83086,111.71303,1981,9.06666666666667,258,0.0351421188630491
"06",1,54.83086,111.71303,1982,7.66666666666667,273,0.0280830280830281
"06",1,54.83086,111.71303,1983,8.66666666666667,274,0.0316301703163017
"06",1,54.83086,111.71303,1984,9.3,326,0.0285276073619632
"06",1,54.83086,111.71303,1985,8.93333333333333,386,0.0231433506044905
"06",1,54.83086,111.71303,1986,9.06666666666667,295,0.0307344632768362
"06",1,54.83086,111.71303,1987,10.6,283,0.0374558303886926
"06",1,54.83086,111.71303,1988,10.6,290,0.036551724137931
"06",1,54.83086,111.71303,1989,8.76666666666667,284,0.030868544600939
"06",1,54.83086,111.71303,1990,9.1,340,0.0267647058823529
"06",1,54.83086,111.71303,1991,9.76666666666667,330,0.0295959595959596
"06",1,54.83086,111.71303,1992,9.03333333333333,298,0.0303131991051454
"06",1,54.83086,111.71303,1993,9.3,312,0.0298076923076923
"06",1,54.83086,111.71303,1994,9.43333333333333,314,0.0300424628450106
"06",1,54.83086,111.71303,1995,8.8,258,0.0341085271317829
"06",1,54.83086,111.71303,1996,7.6,330,0.023030303030303
"06",1,54.83086,111.71303,1997,8.06666666666667,419,0.0192521877486078
"06",1,54.83086,111.71303,1998,11.1,310,0.0358064516129032
"06",1,54.83086,111.71303,1999,8.76666666666667,293,0.0299203640500569
"06",1,54.83086,111.71303,2000,7.46666666666667,229,0.0326055312954876
"06",1,54.83086,111.71303,2001,8.73333333333333,240,0.0363888888888889
"06",1,54.83086,111.71303,2002,6.63333333333333,194,0.034192439862543
"06",1,54.83086,111.71303,2003,8.5,290,0.0293103448275862
"06",1,54.83086,111.71303,2004,7.8,306,0.0254901960784314
"06",1,54.83086,111.71303,2005,9.2,348,0.0264367816091954
"06",1,54.83086,111.71303,2006,10.7666666666667,255,0.0422222222222222
"06",1,54.83086,111.71303,2007,8.66666666666667,307,0.0282301845819761
"06",1,54.83086,111.71303,2008,7.96666666666667,281,0.0283511269276394
"06",1,54.83086,111.71303,2009,7.7,316,0.0243670886075949
"06",1,54.83086,111.71303,2010,9.16666666666667,339,0.0270403146509341
"07",2,54.84142,111.68275,1972,8.8,336,0.0261904761904762
"07",2,54.84142,111.68275,1973,8.86666666666667,360,0.0246296296296296
"07",2,54.84142,111.68275,1974,8.03333333333333,430,0.0186821705426357
"07",2,54.84142,111.68275,1975,7.2,315,0.0228571428571429
"07",2,54.84142,111.68275,1976,9.76666666666667,260,0.0375641025641026
"07",2,54.84142,111.68275,1977,10.5,272,0.0386029411764706
"07",2,54.84142,111.68275,1978,9.03333333333333,262,0.0344783715012723
"07",2,54.84142,111.68275,1979,6.7,353,0.0189801699716714
"07",2,54.84142,111.68275,1980,11.1333333333333,299,0.0372352285395764
"07",2,54.84142,111.68275,1981,9.06666666666667,254,0.0356955380577428
"07",2,54.84142,111.68275,1982,7.63333333333333,273,0.027960927960928
"07",2,54.84142,111.68275,1983,8.66666666666667,275,0.0315151515151515
"07",2,54.84142,111.68275,1984,9.26666666666667,326,0.0284253578732106
"07",2,54.84142,111.68275,1985,8.93333333333333,383,0.0233246301131419
"07",2,54.84142,111.68275,1986,9.03333333333333,294,0.0307256235827664
"07",2,54.84142,111.68275,1987,10.5333333333333,284,0.0370892018779343
"07",2,54.84142,111.68275,1988,10.5333333333333,292,0.0360730593607306
"07",2,54.84142,111.68275,1989,8.76666666666667,284,0.030868544600939
"07",2,54.84142,111.68275,1990,9.06666666666667,339,0.0267453294001967
"07",2,54.84142,111.68275,1991,9.76666666666667,329,0.0296859169199595
"07",2,54.84142,111.68275,1992,9.03333333333333,298,0.0303131991051454
"07",2,54.84142,111.68275,1993,9.3,310,0.03
"07",2,54.84142,111.68275,1994,9.4,312,0.0301282051282051
"07",2,54.84142,111.68275,1995,8.8,256,0.034375
"07",2,54.84142,111.68275,1996,7.6,328,0.0231707317073171
"07",2,54.84142,111.68275,1997,8.06666666666667,418,0.0192982456140351
"07",2,54.84142,111.68275,1998,11.1,308,0.036038961038961
"07",2,54.84142,111.68275,1999,8.76666666666667,293,0.0299203640500569
"07",2,54.84142,111.68275,2000,7.46666666666667,228,0.0327485380116959
"07",2,54.84142,111.68275,2001,8.73333333333333,239,0.0365411436541144
"07",2,54.84142,111.68275,2002,6.6,193,0.0341968911917098
"07",2,54.84142,111.68275,2003,8.5,289,0.0294117647058824
"07",2,54.84142,111.68275,2004,7.76666666666667,306,0.0253812636165577
"07",2,54.84142,111.68275,2005,9.2,347,0.0265129682997118
"07",2,54.84142,111.68275,2006,10.7333333333333,255,0.0420915032679739
"07",2,54.84142,111.68275,2007,8.6,306,0.0281045751633987
"07",2,54.84142,111.68275,2008,7.93333333333333,278,0.028537170263789
"07",2,54.84142,111.68275,2009,7.66666666666667,317,0.0241850683491062
"07",2,54.84142,111.68275,2010,9.16666666666667,336,0.027281746031746
"08",3,54.92947,111.54272,1972,8.66666666666667,335,0.0258706467661692
"08",3,54.92947,111.54272,1973,8.73333333333333,362,0.0241252302025783
"08",3,54.92947,111.54272,1974,7.9,429,0.0184149184149184
"08",3,54.92947,111.54272,1975,7.1,316,0.0224683544303797
"08",3,54.92947,111.54272,1976,9.63333333333333,262,0.0367684478371501
"08",3,54.92947,111.54272,1977,10.3666666666667,272,0.0381127450980392
"08",3,54.92947,111.54272,1978,8.9,262,0.033969465648855
"08",3,54.92947,111.54272,1979,6.5,354,0.018361581920904
"08",3,54.92947,111.54272,1980,11.0666666666667,298,0.0371364653243848
"08",3,54.92947,111.54272,1981,8.93333333333333,252,0.0354497354497355
"08",3,54.92947,111.54272,1982,7.46666666666667,271,0.0275522755227552
"08",3,54.92947,111.54272,1983,8.53333333333333,270,0.0316049382716049
"08",3,54.92947,111.54272,1984,9.2,331,0.0277945619335347
"08",3,54.92947,111.54272,1985,8.8,382,0.0230366492146597
"08",3,54.92947,111.54272,1986,8.83333333333333,295,0.0299435028248588
"08",3,54.92947,111.54272,1987,10.4333333333333,284,0.0367370892018779
"08",3,54.92947,111.54272,1988,10.3333333333333,291,0.0355097365406644
"08",3,54.92947,111.54272,1989,8.6,283,0.0303886925795053
"08",3,54.92947,111.54272,1990,8.93333333333333,343,0.026044703595724
"08",3,54.92947,111.54272,1991,9.63333333333333,326,0.0295501022494888
"08",3,54.92947,111.54272,1992,8.9,297,0.02996632996633
"08",3,54.92947,111.54272,1993,9.16666666666667,310,0.0295698924731183
"08",3,54.92947,111.54272,1994,9.3,314,0.0296178343949045
"08",3,54.92947,111.54272,1995,8.63333333333333,258,0.0334625322997416
"08",3,54.92947,111.54272,1996,7.46666666666667,327,0.0228338430173293
"08",3,54.92947,111.54272,1997,7.93333333333333,419,0.018933969769292
"08",3,54.92947,111.54272,1998,10.9666666666667,309,0.0354908306364617
"08",3,54.92947,111.54272,1999,8.63333333333333,291,0.0296678121420389
"08",3,54.92947,111.54272,2000,7.33333333333333,228,0.0321637426900585
"08",3,54.92947,111.54272,2001,8.63333333333333,240,0.0359722222222222
"08",3,54.92947,111.54272,2002,6.5,192,0.0338541666666667
"08",3,54.92947,111.54272,2003,8.36666666666667,291,0.0287514318442154
"08",3,54.92947,111.54272,2004,7.6,311,0.0244372990353698
"08",3,54.92947,111.54272,2005,9.06666666666667,346,0.0262042389210019
"08",3,54.92947,111.54272,2006,10.6333333333333,254,0.0418635170603675
"08",3,54.92947,111.54272,2007,8.46666666666667,303,0.0279427942794279
"08",3,54.92947,111.54272,2008,7.8,278,0.0280575539568345
"08",3,54.92947,111.54272,2009,7.5,317,0.0236593059936909
"08",3,54.92947,111.54272,2010,9.03333333333333,337,0.0268051434223541
"09",4,54.83367,111.83833,1972,9,327,0.0275229357798165
"09",4,54.83367,111.83833,1973,9.03333333333333,348,0.0259578544061303
"09",4,54.83367,111.83833,1974,8.2,416,0.0197115384615385
"09",4,54.83367,111.83833,1975,7.36666666666667,306,0.0240740740740741
"09",4,54.83367,111.83833,1976,9.9,254,0.0389763779527559
"09",4,54.83367,111.83833,1977,10.6666666666667,266,0.0401002506265664
"09",4,54.83367,111.83833,1978,9.23333333333333,254,0.0363517060367454
"09",4,54.83367,111.83833,1979,6.86666666666667,345,0.0199033816425121
"09",4,54.83367,111.83833,1980,11.3,290,0.0389655172413793
"09",4,54.83367,111.83833,1981,9.26666666666667,248,0.0373655913978495
"09",4,54.83367,111.83833,1982,7.8,262,0.0297709923664122
"09",4,54.83367,111.83833,1983,8.83333333333333,265,0.0333333333333333
"09",4,54.83367,111.83833,1984,9.43333333333333,314,0.0300424628450106
"09",4,54.83367,111.83833,1985,9.06666666666667,369,0.0245709123757904
"09",4,54.83367,111.83833,1986,9.2,284,0.0323943661971831
"09",4,54.83367,111.83833,1987,10.7,272,0.0393382352941176
"09",4,54.83367,111.83833,1988,10.7333333333333,283,0.0379269729093051
"09",4,54.83367,111.83833,1989,8.93333333333333,277,0.0322503008423586
"09",4,54.83367,111.83833,1990,9.26666666666667,329,0.0281661600810537
"09",4,54.83367,111.83833,1991,9.93333333333333,319,0.0311389759665622
"09",4,54.83367,111.83833,1992,9.2,287,0.0320557491289199
"09",4,54.83367,111.83833,1993,9.46666666666667,303,0.0312431243124312
"09",4,54.83367,111.83833,1994,9.6,304,0.0315789473684211
"09",4,54.83367,111.83833,1995,8.96666666666667,249,0.0360107095046854
"09",4,54.83367,111.83833,1996,7.73333333333333,319,0.0242424242424242
"09",4,54.83367,111.83833,1997,8.23333333333333,407,0.0202293202293202
"09",4,54.83367,111.83833,1998,11.2666666666667,301,0.0374307862679956
"09",4,54.83367,111.83833,1999,8.9,284,0.0313380281690141
"09",4,54.83367,111.83833,2000,7.6,222,0.0342342342342342
"09",4,54.83367,111.83833,2001,8.86666666666667,233,0.0380543633762518
"09",4,54.83367,111.83833,2002,6.76666666666667,187,0.0361853832442068
"09",4,54.83367,111.83833,2003,8.63333333333333,280,0.0308333333333333
"09",4,54.83367,111.83833,2004,7.9,294,0.0268707482993197
"09",4,54.83367,111.83833,2005,9.36666666666667,337,0.0277942631058358
"09",4,54.83367,111.83833,2006,10.9333333333333,247,0.0442645074224022
"09",4,54.83367,111.83833,2007,8.76666666666667,297,0.0295173961840628
"09",4,54.83367,111.83833,2008,8.13333333333333,274,0.029683698296837
"09",4,54.83367,111.83833,2009,7.8,306,0.0254901960784314
"0A",5,55.03378,111.68131,1972,8.66666666666667,330,0.0262626262626263
"0A",5,55.03378,111.68131,1973,8.8,355,0.0247887323943662
"0A",5,55.03378,111.68131,1974,7.93333333333333,421,0.0188440221694378
"0A",5,55.03378,111.68131,1975,7.13333333333333,309,0.0230852211434736
"0A",5,55.03378,111.68131,1976,9.66666666666667,256,0.0377604166666667
"0A",5,55.03378,111.68131,1977,10.4333333333333,269,0.0387856257744734
"0A",5,55.03378,111.68131,1978,8.9,253,0.0351778656126482
"0A",5,55.03378,111.68131,1979,6.56666666666667,348,0.0188697318007663
"0A",5,55.03378,111.68131,1980,11.1,291,0.0381443298969072
"0A",5,55.03378,111.68131,1981,8.96666666666667,249,0.0360107095046854
"0A",5,55.03378,111.68131,1982,7.53333333333333,268,0.0281094527363184
"0A",5,55.03378,111.68131,1983,8.6,267,0.0322097378277154
"0A",5,55.03378,111.68131,1984,9.26666666666667,321,0.0288681204569055
"0A",5,55.03378,111.68131,1985,8.83333333333333,372,0.0237455197132617
"0A",5,55.03378,111.68131,1986,8.86666666666667,287,0.0308943089430894
"0A",5,55.03378,111.68131,1987,10.4333333333333,278,0.0375299760191847
"0A",5,55.03378,111.68131,1988,10.3666666666667,286,0.0362470862470863
"0A",5,55.03378,111.68131,1989,8.63333333333333,279,0.0309438470728793
"0A",5,55.03378,111.68131,1990,8.9,335,0.0265671641791045
"0A",5,55.03378,111.68131,1991,9.7,319,0.0304075235109718
"0A",5,55.03378,111.68131,1992,8.9,295,0.0301694915254237
"0A",5,55.03378,111.68131,1993,9.2,303,0.0303630363036304
"0A",5,55.03378,111.68131,1994,9.26666666666667,308,0.0300865800865801
"0A",5,55.03378,111.68131,1995,8.7,254,0.034251968503937
"0A",5,55.03378,111.68131,1996,7.5,320,0.0234375
"0A",5,55.03378,111.68131,1997,7.93333333333333,404,0.0196369636963696
"0A",5,55.03378,111.68131,1998,11,300,0.0366666666666667
"0A",5,55.03378,111.68131,1999,8.63333333333333,285,0.0302923976608187
"0A",5,55.03378,111.68131,2000,7.33333333333333,227,0.0323054331864905
"0A",5,55.03378,111.68131,2001,8.66666666666667,237,0.0365682137834037
"0A",5,55.03378,111.68131,2002,6.46666666666667,190,0.0340350877192982
"0A",5,55.03378,111.68131,2003,8.36666666666667,286,0.0292540792540793
"0A",5,55.03378,111.68131,2004,7.66666666666667,303,0.0253025302530253
"0A",5,55.03378,111.68131,2005,9.1,337,0.0270029673590504
"0A",5,55.03378,111.68131,2006,10.6333333333333,248,0.0428763440860215
"0A",5,55.03378,111.68131,2007,8.5,296,0.0287162162162162
"0A",5,55.03378,111.68131,2008,7.9,275,0.0287272727272727
"0A",5,55.03378,111.68131,2009,7.56666666666667,313,0.0241746538871139
"0B",6,55.05169,111.27083,1972,8.46666666666667,332,0.0255020080321285
"0B",6,55.05169,111.27083,1973,8.53333333333333,363,0.0235078053259871
"0B",6,55.05169,111.27083,1974,7.7,427,0.0180327868852459
"0B",6,55.05169,111.27083,1975,6.9,320,0.0215625
"0B",6,55.05169,111.27083,1976,9.46666666666667,263,0.0359949302915082
"0B",6,55.05169,111.27083,1977,10.1333333333333,272,0.0372549019607843
"0B",6,55.05169,111.27083,1978,8.63333333333333,264,0.0327020202020202
"0B",6,55.05169,111.27083,1979,6.2,352,0.0176136363636364
"0B",6,55.05169,111.27083,1980,10.9,294,0.0370748299319728
"0B",6,55.05169,111.27083,1981,8.73333333333333,249,0.0350736278447122
"0B",6,55.05169,111.27083,1982,7.26666666666667,274,0.0265206812652068
"0B",6,55.05169,111.27083,1983,8.33333333333333,271,0.030750307503075
"0B",6,55.05169,111.27083,1984,9.06666666666667,340,0.0266666666666667
"0B",6,55.05169,111.27083,1985,8.56666666666667,383,0.0223672758920801
"0B",6,55.05169,111.27083,1986,8.6,294,0.0292517006802721
"0B",6,55.05169,111.27083,1987,10.2333333333333,287,0.0356562137049942
"0B",6,55.05169,111.27083,1988,10.1,290,0.0348275862068965
"0B",6,55.05169,111.27083,1989,8.36666666666667,285,0.0293567251461988
"0B",6,55.05169,111.27083,1990,8.76666666666667,348,0.0251915708812261
"0B",6,55.05169,111.27083,1991,9.43333333333333,326,0.0289366053169734
"0B",6,55.05169,111.27083,1992,8.66666666666667,304,0.0285087719298246
"0B",6,55.05169,111.27083,1993,8.93333333333333,312,0.0286324786324786
"0B",6,55.05169,111.27083,1994,9.03333333333333,311,0.0290460878885316
"0B",6,55.05169,111.27083,1995,8.4,262,0.0320610687022901
"0B",6,55.05169,111.27083,1996,7.26666666666667,329,0.0220871327254306
"0B",6,55.05169,111.27083,1997,7.7,417,0.0184652278177458
"0B",6,55.05169,111.27083,1998,10.7333333333333,304,0.0353070175438597
"0B",6,55.05169,111.27083,1999,8.4,287,0.0292682926829268
"0B",6,55.05169,111.27083,2000,7.1,229,0.0310043668122271
"0B",6,55.05169,111.27083,2001,8.46666666666667,243,0.0348422496570645
"0B",6,55.05169,111.27083,2002,6.23333333333333,195,0.031965811965812
"0B",6,55.05169,111.27083,2003,8.13333333333333,293,0.0277588168373151
"0B",6,55.05169,111.27083,2004,7.36666666666667,316,0.0233122362869198
"0B",6,55.05169,111.27083,2005,8.83333333333333,343,0.0257531584062196
"0B",6,55.05169,111.27083,2006,10.4,257,0.0404669260700389
"0B",6,55.05169,111.27083,2007,8.2,304,0.0269736842105263
"0B",6,55.05169,111.27083,2008,7.63333333333333,280,0.0272619047619048
"0B",6,55.05169,111.27083,2009,7.26666666666667,318,0.0228511530398323
"0F",7,55.0674,111.81083,1972,8.73333333333333,331,0.0263846928499496
"0F",7,55.0674,111.81083,1973,8.83333333333333,355,0.0248826291079812
"0F",7,55.0674,111.81083,1974,7.96666666666667,421,0.018923198733175
"0F",7,55.0674,111.81083,1975,7.16666666666667,309,0.02319309600863
"0F",7,55.0674,111.81083,1976,9.7,258,0.0375968992248062
"0F",7,55.0674,111.81083,1977,10.4333333333333,270,0.038641975308642
"0F",7,55.0674,111.81083,1978,8.96666666666667,255,0.0351633986928105
"0F",7,55.0674,111.81083,1979,6.56666666666667,348,0.0188697318007663
"0F",7,55.0674,111.81083,1980,11.1333333333333,293,0.0379977246871445
"0F",7,55.0674,111.81083,1981,9,250,0.036
"0F",7,55.0674,111.81083,1982,7.56666666666667,269,0.0281288723667906
"0F",7,55.0674,111.81083,1983,8.63333333333333,267,0.032334581772784
"0F",7,55.0674,111.81083,1984,9.26666666666667,321,0.0288681204569055
"0F",7,55.0674,111.81083,1985,8.86666666666667,372,0.0238351254480287
"0F",7,55.0674,111.81083,1986,8.9,288,0.0309027777777778
"0F",7,55.0674,111.81083,1987,10.4333333333333,277,0.0376654632972322
"0F",7,55.0674,111.81083,1988,10.3666666666667,287,0.0361207897793264
"0F",7,55.0674,111.81083,1989,8.66666666666667,281,0.0308422301304864
"0F",7,55.0674,111.81083,1990,8.93333333333333,336,0.0265873015873016
"0F",7,55.0674,111.81083,1991,9.7,320,0.0303125
"0F",7,55.0674,111.81083,1992,8.93333333333333,296,0.0301801801801802
"0F",7,55.0674,111.81083,1993,9.2,303,0.0303630363036304
"0F",7,55.0674,111.81083,1994,9.3,308,0.0301948051948052
"0F",7,55.0674,111.81083,1995,8.7,255,0.0341176470588235
"0F",7,55.0674,111.81083,1996,7.5,323,0.0232198142414861
"0F",7,55.0674,111.81083,1997,7.96666666666667,407,0.0195741195741196
"0F",7,55.0674,111.81083,1998,11.0333333333333,301,0.036655592469546
"0F",7,55.0674,111.81083,1999,8.66666666666667,285,0.0304093567251462
"0F",7,55.0674,111.81083,2000,7.36666666666667,229,0.0321688500727802
"0F",7,55.0674,111.81083,2001,8.7,239,0.0364016736401674
"0F",7,55.0674,111.81083,2002,6.5,192,0.0338541666666667
"0F",7,55.0674,111.81083,2003,8.36666666666667,285,0.0293567251461988
"0F",7,55.0674,111.81083,2004,7.7,301,0.0255813953488372
"0F",7,55.0674,111.81083,2005,9.1,339,0.0268436578171091
"0F",7,55.0674,111.81083,2006,10.7,250,0.0428
"0F",7,55.0674,111.81083,2007,8.5,298,0.0285234899328859
"0F",7,55.0674,111.81083,2008,7.93333333333333,276,0.028743961352657
"0F",7,55.0674,111.81083,2009,7.56666666666667,313,0.0241746538871139
"0G",8,55.55811,111.23728,1972,8.16666666666667,339,0.0240904621435595
"0G",8,55.55811,111.23728,1973,8.23333333333333,372,0.0221326164874552
"0G",8,55.55811,111.23728,1974,7.36666666666667,438,0.0168188736681887
"0G",8,55.55811,111.23728,1975,6.63333333333333,325,0.0204102564102564
"0G",8,55.55811,111.23728,1976,9.16666666666667,273,0.0335775335775336
"0G",8,55.55811,111.23728,1977,9.8,275,0.0356363636363636
"0G",8,55.55811,111.23728,1978,8.3,258,0.0321705426356589
"0G",8,55.55811,111.23728,1979,5.86666666666667,356,0.0164794007490637
"0G",8,55.55811,111.23728,1980,10.6,289,0.0366782006920415
"0G",8,55.55811,111.23728,1981,8.4,250,0.0336
"0G",8,55.55811,111.23728,1982,6.96666666666667,280,0.0248809523809524
"0G",8,55.55811,111.23728,1983,7.96666666666667,266,0.0299498746867168
"0G",8,55.55811,111.23728,1984,8.73333333333333,347,0.0251681075888569
"0G",8,55.55811,111.23728,1985,8.26666666666667,390,0.0211965811965812
"0G",8,55.55811,111.23728,1986,8.26666666666667,301,0.0274640088593577
"0G",8,55.55811,111.23728,1987,9.9,290,0.0341379310344828
"0G",8,55.55811,111.23728,1988,9.73333333333333,295,0.0329943502824859
"0G",8,55.55811,111.23728,1989,8.06666666666667,291,0.0277205040091638
"0G",8,55.55811,111.23728,1990,8.46666666666667,364,0.0232600732600733
"0G",8,55.55811,111.23728,1991,9.13333333333333,323,0.0282765737874097
"0G",8,55.55811,111.23728,1992,8.3,322,0.025776397515528
"0G",8,55.55811,111.23728,1993,8.6,307,0.0280130293159609
"0G",8,55.55811,111.23728,1994,8.73333333333333,312,0.027991452991453
"0G",8,55.55811,111.23728,1995,8.13333333333333,272,0.0299019607843137
"0G",8,55.55811,111.23728,1996,7,334,0.0209580838323353
"0G",8,55.55811,111.23728,1997,7.33333333333333,416,0.0176282051282051
"0G",8,55.55811,111.23728,1998,10.4666666666667,301,0.0347729789590255
"0G",8,55.55811,111.23728,1999,8.06666666666667,284,0.0284037558685446
"0G",8,55.55811,111.23728,2000,6.86666666666667,234,0.0293447293447293
"0G",8,55.55811,111.23728,2001,8.23333333333333,253,0.0325428194993412
"0G",8,55.55811,111.23728,2002,5.76666666666667,199,0.0289782244556114
"0G",8,55.55811,111.23728,2003,7.96666666666667,298,0.0267337807606264
"0G",8,55.55811,111.23728,2004,6.86666666666667,332,0.0206827309236948
"0G",8,55.55811,111.23728,2005,8.66666666666667,342,0.0253411306042885
"0G",8,55.55811,111.23728,2006,10.3,260,0.0396153846153846
"0G",8,55.55811,111.23728,2007,8,297,0.0269360269360269
"0G",8,55.55811,111.23728,2008,7.4,284,0.026056338028169
"0G",8,55.55811,111.23728,2009,6.93333333333333,326,0.0212678936605317
"0H",9,55.05505,111.90391,1972,8.7,333,0.0261261261261261
"0H",9,55.05505,111.90391,1973,8.83333333333333,353,0.0250236071765817
"0H",9,55.05505,111.90391,1974,7.96666666666667,419,0.0190135242641209
"0H",9,55.05505,111.90391,1975,7.16666666666667,307,0.0233441910966341
"0H",9,55.05505,111.90391,1976,9.66666666666667,257,0.0376134889753567
"0H",9,55.05505,111.90391,1977,10.4,269,0.0386617100371747
"0H",9,55.05505,111.90391,1978,8.96666666666667,255,0.0351633986928105
"0H",9,55.05505,111.90391,1979,6.56666666666667,346,0.0189788053949904
"0H",9,55.05505,111.90391,1980,11.1,293,0.0378839590443686
"0H",9,55.05505,111.90391,1981,9,250,0.036
"0H",9,55.05505,111.90391,1982,7.56666666666667,269,0.0281288723667906
"0H",9,55.05505,111.90391,1983,8.63333333333333,267,0.032334581772784
"0H",9,55.05505,111.90391,1984,9.26666666666667,317,0.0292323869610936
"0H",9,55.05505,111.90391,1985,8.86666666666667,372,0.0238351254480287
"0H",9,55.05505,111.90391,1986,8.9,289,0.0307958477508651
"0H",9,55.05505,111.90391,1987,10.4333333333333,275,0.0379393939393939
"0H",9,55.05505,111.90391,1988,10.3666666666667,286,0.0362470862470863
"0H",9,55.05505,111.90391,1989,8.66666666666667,281,0.0308422301304864
"0H",9,55.05505,111.90391,1990,8.93333333333333,334,0.0267465069860279
"0H",9,55.05505,111.90391,1991,9.7,319,0.0304075235109718
"0H",9,55.05505,111.90391,1992,8.9,295,0.0301694915254237
"0H",9,55.05505,111.90391,1993,9.2,301,0.0305647840531561
"0H",9,55.05505,111.90391,1994,9.3,308,0.0301948051948052
"0H",9,55.05505,111.90391,1995,8.7,255,0.0341176470588235
"0H",9,55.05505,111.90391,1996,7.46666666666667,322,0.0231884057971014
"0H",9,55.05505,111.90391,1997,7.93333333333333,403,0.0196856906534326
"0H",9,55.05505,111.90391,1998,11.0333333333333,299,0.0369007803790413
"0H",9,55.05505,111.90391,1999,8.63333333333333,284,0.0303990610328638
"0H",9,55.05505,111.90391,2000,7.33333333333333,226,0.0324483775811209
"0H",9,55.05505,111.90391,2001,8.7,238,0.0365546218487395
"0H",9,55.05505,111.90391,2002,6.5,190,0.0342105263157895
"0H",9,55.05505,111.90391,2003,8.36666666666667,285,0.0293567251461988
"0H",9,55.05505,111.90391,2004,7.66666666666667,301,0.0254706533776301
"0H",9,55.05505,111.90391,2005,9.1,335,0.0271641791044776
"0H",9,55.05505,111.90391,2006,10.6666666666667,250,0.0426666666666667
"0H",9,55.05505,111.90391,2007,8.5,297,0.0286195286195286
"0H",9,55.05505,111.90391,2008,7.93333333333333,275,0.0288484848484848
"0H",9,55.05505,111.90391,2009,7.56666666666667,312,0.0242521367521368
"0Q",10,54.1042,115.74607,1972,8.73333333333333,464,0.0188218390804598
"0Q",10,54.1042,115.74607,1973,8.8,402,0.0218905472636816
"0Q",10,54.1042,115.74607,1974,8.43333333333333,487,0.0173169062286105
"0Q",10,54.1042,115.74607,1975,7.2,346,0.0208092485549133
"0Q",10,54.1042,115.74607,1976,9.3,333,0.0279279279279279
"0Q",10,54.1042,115.74607,1977,10.0666666666667,363,0.0277318640955005
"0Q",10,54.1042,115.74607,1978,9.33333333333333,345,0.0270531400966184
"0Q",10,54.1042,115.74607,1979,7.26666666666667,419,0.0173428798727128
"0Q",10,54.1042,115.74607,1980,10.9333333333333,416,0.0262820512820513
"0Q",10,54.1042,115.74607,1981,9.03333333333333,334,0.0270459081836327
"0Q",10,54.1042,115.74607,1982,7.83333333333333,360,0.0217592592592593
"0Q",10,54.1042,115.74607,1983,9.3,371,0.0250673854447439
"0Q",10,54.1042,115.74607,1984,8.93333333333333,380,0.0235087719298246
"0Q",10,54.1042,115.74607,1985,9.13333333333333,425,0.0214901960784314
"0Q",10,54.1042,115.74607,1986,9.1,364,0.025
"0Q",10,54.1042,115.74607,1987,10.7333333333333,335,0.0320398009950249
"0Q",10,54.1042,115.74607,1988,10.8,319,0.0338557993730408
"0Q",10,54.1042,115.74607,1989,9.1,357,0.0254901960784314
"0Q",10,54.1042,115.74607,1990,9.03333333333333,376,0.0240248226950355
"0Q",10,54.1042,115.74607,1991,9.26666666666667,446,0.0207772795216741
"0Q",10,54.1042,115.74607,1992,9.5,341,0.0278592375366569
"0Q",10,54.1042,115.74607,1993,9.86666666666667,411,0.0240064882400649
"0Q",10,54.1042,115.74607,1994,9.63333333333333,442,0.0217948717948718
"0Q",10,54.1042,115.74607,1995,9.3,305,0.0304918032786885
"0Q",10,54.1042,115.74607,1996,7.83333333333333,425,0.0184313725490196
"0Q",10,54.1042,115.74607,1997,8.13333333333333,526,0.0154626108998733
"0Q",10,54.1042,115.74607,1998,11.0666666666667,407,0.0271908271908272
"0Q",10,54.1042,115.74607,1999,8.5,428,0.0198598130841121
"0Q",10,54.1042,115.74607,2000,7.83333333333333,293,0.0267349260523322
"0Q",10,54.1042,115.74607,2001,8.63333333333333,262,0.0329516539440204
"0Q",10,54.1042,115.74607,2002,7.1,249,0.0285140562248996
"0Q",10,54.1042,115.74607,2003,8.53333333333333,381,0.0223972003499563
"0Q",10,54.1042,115.74607,2004,8.56666666666667,327,0.0261977573904179
"0Q",10,54.1042,115.74607,2005,9.63333333333333,380,0.0253508771929825
"0Q",10,54.1042,115.74607,2006,10.7,368,0.0290760869565217
"0Q",10,54.1042,115.74607,2007,8.73333333333333,407,0.0214578214578215
"0Q",10,54.1042,115.74607,2008,8.06666666666667,373,0.0216264521894549
"0Q",10,54.1042,115.74607,2009,8.03333333333333,362,0.0221915285451197
"0R",11,56.57132,118.74682,1972,7.6,326,0.0233128834355828
"0R",11,56.57132,118.74682,1973,8.66666666666667,350,0.0247619047619048
"0R",11,56.57132,118.74682,1974,7.56666666666667,334,0.0226546906187625
"0R",11,56.57132,118.74682,1975,7.36666666666667,286,0.0257575757575758
"0R",11,56.57132,118.74682,1976,8.86666666666667,359,0.0246982358402971
"0R",11,56.57132,118.74682,1977,9.4,323,0.0291021671826625
"0R",11,56.57132,118.74682,1978,8.26666666666667,235,0.035177304964539
"0R",11,56.57132,118.74682,1979,5.93333333333333,331,0.0179254783484391
"0R",11,56.57132,118.74682,1980,10.5,257,0.0408560311284047
"0R",11,56.57132,118.74682,1981,7.96666666666667,293,0.0271899886234357
"0R",11,56.57132,118.74682,1982,7.36666666666667,249,0.0295850066934404
"0R",11,56.57132,118.74682,1983,8.23333333333333,290,0.0283908045977011
"0R",11,56.57132,118.74682,1984,8.53333333333333,335,0.0254726368159204
"0R",11,56.57132,118.74682,1985,8.33333333333333,247,0.0337381916329285
"0R",11,56.57132,118.74682,1986,7.8,293,0.0266211604095563
"0R",11,56.57132,118.74682,1987,9.66666666666667,313,0.0308839190628328
"0R",11,56.57132,118.74682,1988,9.13333333333333,275,0.0332121212121212
"0R",11,56.57132,118.74682,1989,9,251,0.0358565737051793
"0R",11,56.57132,118.74682,1990,8.46666666666667,310,0.0273118279569892
"0R",11,56.57132,118.74682,1991,9.43333333333333,297,0.0317620650953984
"0R",11,56.57132,118.74682,1992,8.63333333333333,303,0.0284928492849285
"0R",11,56.57132,118.74682,1993,9.43333333333333,293,0.0321956769055745
"0R",11,56.57132,118.74682,1994,9.2,320,0.02875
"0R",11,56.57132,118.74682,1995,8.9,289,0.0307958477508651
"0R",11,56.57132,118.74682,1996,6.96666666666667,281,0.0247924080664294
"0R",11,56.57132,118.74682,1997,7.33333333333333,332,0.0220883534136546
"0R",11,56.57132,118.74682,1998,10.8,287,0.0376306620209059
"0R",11,56.57132,118.74682,1999,7.93333333333333,305,0.0260109289617486
"0R",11,56.57132,118.74682,2000,7.2,277,0.0259927797833935
"0R",11,56.57132,118.74682,2001,8.1,292,0.0277397260273973
"0R",11,56.57132,118.74682,2002,6.3,294,0.0214285714285714
"0R",11,56.57132,118.74682,2003,8.1,304,0.0266447368421053
"0R",11,56.57132,118.74682,2004,7.9,283,0.0279151943462898
"0R",11,56.57132,118.74682,2005,9.23333333333333,292,0.03162100456621
"0R",11,56.57132,118.74682,2006,10.1,288,0.0350694444444444
"0R",11,56.57132,118.74682,2007,8.23333333333333,315,0.0261375661375661
"0R",11,56.57132,118.74682,2008,7.73333333333333,328,0.0235772357723577
"0R",11,56.57132,118.74682,2009,7.3,310,0.0235483870967742
"0T",12,55.54449,118.74207,1972,8.1,388,0.0208762886597938
"0T",12,55.54449,118.74207,1973,8.66666666666667,409,0.0211898940505297
"0T",12,55.54449,118.74207,1974,7.93333333333333,418,0.0189792663476874
"0T",12,55.54449,118.74207,1975,7.4,342,0.0216374269005848
"0T",12,55.54449,118.74207,1976,8.86666666666667,403,0.0220016542597188
"0T",12,55.54449,118.74207,1977,9.6,372,0.0258064516129032
"0T",12,55.54449,118.74207,1978,8.86666666666667,286,0.031002331002331
"0T",12,55.54449,118.74207,1979,6.5,387,0.0167958656330749
"0T",12,55.54449,118.74207,1980,10.7666666666667,326,0.0330265848670757
"0T",12,55.54449,118.74207,1981,8.46666666666667,356,0.0237827715355805
"0T",12,55.54449,118.74207,1982,7.66666666666667,318,0.0241090146750524
"0T",12,55.54449,118.74207,1983,8.93333333333333,353,0.0253068932955618
"0T",12,55.54449,118.74207,1984,8.53333333333333,400,0.0213333333333333
"0T",12,55.54449,118.74207,1985,8.76666666666667,323,0.027141382868937
"0T",12,55.54449,118.74207,1986,8.36666666666667,364,0.022985347985348
"0T",12,55.54449,118.74207,1987,10.3333333333333,357,0.0289449112978525
"0T",12,55.54449,118.74207,1988,9.9,326,0.0303680981595092
"0T",12,55.54449,118.74207,1989,9.4,304,0.0309210526315789
"0T",12,55.54449,118.74207,1990,8.86666666666667,370,0.023963963963964
"0T",12,55.54449,118.74207,1991,9.53333333333333,376,0.025354609929078
"0T",12,55.54449,118.74207,1992,9.3,339,0.0274336283185841
"0T",12,55.54449,118.74207,1993,9.8,400,0.0245
"0T",12,55.54449,118.74207,1994,9.33333333333333,399,0.0233918128654971
"0T",12,55.54449,118.74207,1995,9.26666666666667,352,0.0263257575757576
"0T",12,55.54449,118.74207,1996,7.5,373,0.0201072386058981
"0T",12,55.54449,118.74207,1997,7.8,403,0.0193548387096774
"0T",12,55.54449,118.74207,1998,10.9,347,0.0314121037463977
"0T",12,55.54449,118.74207,1999,8.23333333333333,392,0.0210034013605442
"0T",12,55.54449,118.74207,2000,7.53333333333333,354,0.0212806026365348
"0T",12,55.54449,118.74207,2001,8.3,336,0.024702380952381
"0T",12,55.54449,118.74207,2002,6.86666666666667,343,0.020019436345967
"0T",12,55.54449,118.74207,2003,8.4,358,0.023463687150838
"0T",12,55.54449,118.74207,2004,8.6,353,0.0243626062322946
"0T",12,55.54449,118.74207,2005,9.66666666666667,366,0.0264116575591985
"0T",12,55.54449,118.74207,2006,10.2666666666667,330,0.0311111111111111
"0T",12,55.54449,118.74207,2007,8.4,372,0.0225806451612903
"0T",12,55.54449,118.74207,2008,7.96666666666667,368,0.0216485507246377
"0T",12,55.54449,118.74207,2009,7.8,384,0.0203125
"0U",13,56.4652,118.31264,1972,7.73333333333333,338,0.022879684418146
"0U",13,56.4652,118.31264,1973,8.8,362,0.0243093922651934
"0U",13,56.4652,118.31264,1974,7.7,347,0.0221902017291066
"0U",13,56.4652,118.31264,1975,7.5,291,0.0257731958762887
"0U",13,56.4652,118.31264,1976,9,367,0.0245231607629428
"0U",13,56.4652,118.31264,1977,9.53333333333333,330,0.0288888888888889
"0U",13,56.4652,118.31264,1978,8.4,241,0.0348547717842324
"0U",13,56.4652,118.31264,1979,6.1,349,0.0174785100286533
"0U",13,56.4652,118.31264,1980,10.5666666666667,266,0.0397243107769424
"0U",13,56.4652,118.31264,1981,8.13333333333333,300,0.0271111111111111
"0U",13,56.4652,118.31264,1982,7.46666666666667,252,0.0296296296296296
"0U",13,56.4652,118.31264,1983,8.4,298,0.0281879194630872
"0U",13,56.4652,118.31264,1984,8.6,346,0.0248554913294798
"0U",13,56.4652,118.31264,1985,8.43333333333333,263,0.0320659062103929
"0U",13,56.4652,118.31264,1986,7.93333333333333,305,0.0260109289617486
"0U",13,56.4652,118.31264,1987,9.83333333333333,317,0.0310199789695058
"0U",13,56.4652,118.31264,1988,9.26666666666667,274,0.0338199513381995
"0U",13,56.4652,118.31264,1989,9.03333333333333,257,0.0351491569390402
"0U",13,56.4652,118.31264,1990,8.6,314,0.0273885350318471
"0U",13,56.4652,118.31264,1991,9.56666666666667,307,0.0311617806731813
"0U",13,56.4652,118.31264,1992,8.86666666666667,311,0.0285101822079314
"0U",13,56.4652,118.31264,1993,9.46666666666667,305,0.0310382513661202
"0U",13,56.4652,118.31264,1994,9.26666666666667,324,0.0286008230452675
"0U",13,56.4652,118.31264,1995,9,299,0.0301003344481605
"0U",13,56.4652,118.31264,1996,7.06666666666667,297,0.0237934904601571
"0U",13,56.4652,118.31264,1997,7.4,329,0.0224924012158055
"0U",13,56.4652,118.31264,1998,10.9,300,0.0363333333333333
"0U",13,56.4652,118.31264,1999,8.06666666666667,311,0.0259378349410504
"0U",13,56.4652,118.31264,2000,7.3,293,0.0249146757679181
"0U",13,56.4652,118.31264,2001,8.23333333333333,302,0.0272626931567329
"0U",13,56.4652,118.31264,2002,6.4,302,0.0211920529801325
"0U",13,56.4652,118.31264,2003,8.2,309,0.026537216828479
"0U",13,56.4652,118.31264,2004,8,298,0.0268456375838926
"0U",13,56.4652,118.31264,2005,9.3,303,0.0306930693069307
"0U",13,56.4652,118.31264,2006,10.2666666666667,300,0.0342222222222222
"0U",13,56.4652,118.31264,2007,8.3,318,0.0261006289308176
"0U",13,56.4652,118.31264,2008,7.86666666666667,325,0.0242051282051282
"0U",13,56.4652,118.31264,2009,7.4,315,0.0234920634920635
"0V",14,55.5985,118.10932,1972,8.56666666666667,371,0.0230907457322552
"0V",14,55.5985,118.10932,1973,9.1,391,0.0232736572890026
"0V",14,55.5985,118.10932,1974,8.4,404,0.0207920792079208
"0V",14,55.5985,118.10932,1975,7.83333333333333,329,0.0238095238095238
"0V",14,55.5985,118.10932,1976,9.3,389,0.0239074550128535
"0V",14,55.5985,118.10932,1977,10.0666666666667,370,0.0272072072072072
"0V",14,55.5985,118.10932,1978,9.26666666666667,279,0.0332138590203106
"0V",14,55.5985,118.10932,1979,6.93333333333333,385,0.018008658008658
"0V",14,55.5985,118.10932,1980,11.1666666666667,318,0.0351153039832285
"0V",14,55.5985,118.10932,1981,8.93333333333333,339,0.0263520157325467
"0V",14,55.5985,118.10932,1982,8.1,297,0.0272727272727273
"0V",14,55.5985,118.10932,1983,9.4,338,0.027810650887574
"0V",14,55.5985,118.10932,1984,9,399,0.0225563909774436
"0V",14,55.5985,118.10932,1985,9.2,323,0.0284829721362229
"0V",14,55.5985,118.10932,1986,8.83333333333333,350,0.0252380952380952
"0V",14,55.5985,118.10932,1987,10.8,344,0.0313953488372093
"0V",14,55.5985,118.10932,1988,10.3333333333333,317,0.0325972660357518
"0V",14,55.5985,118.10932,1989,9.76666666666667,296,0.0329954954954955
"0V",14,55.5985,118.10932,1990,9.3,353,0.0263456090651558
"0V",14,55.5985,118.10932,1991,10.0333333333333,366,0.0274134790528233
"0V",14,55.5985,118.10932,1992,9.73333333333333,329,0.0295845997973658
"0V",14,55.5985,118.10932,1993,10.1666666666667,378,0.0268959435626102
"0V",14,55.5985,118.10932,1994,9.8,386,0.0253886010362694
"0V",14,55.5985,118.10932,1995,9.7,336,0.0288690476190476
"0V",14,55.5985,118.10932,1996,7.93333333333333,361,0.0219759926131117
"0V",14,55.5985,118.10932,1997,8.2,378,0.0216931216931217
"0V",14,55.5985,118.10932,1998,11.4,347,0.0328530259365994
"0V",14,55.5985,118.10932,1999,8.73333333333333,369,0.0236675700090334
"0V",14,55.5985,118.10932,2000,8,341,0.0234604105571848
"0V",14,55.5985,118.10932,2001,8.86666666666667,328,0.0270325203252033
"0V",14,55.5985,118.10932,2002,7.23333333333333,332,0.0217871485943775
"0V",14,55.5985,118.10932,2003,8.86666666666667,347,0.025552353506244
"0V",14,55.5985,118.10932,2004,8.86666666666667,339,0.0261553588987217
"0V",14,55.5985,118.10932,2005,10.0666666666667,352,0.0285984848484848
"0V",14,55.5985,118.10932,2006,10.8333333333333,332,0.0326305220883534
"0V",14,55.5985,118.10932,2007,8.9,352,0.0252840909090909
"0V",14,55.5985,118.10932,2008,8.4,352,0.0238636363636364
"0V",14,55.5985,118.10932,2009,8.1,361,0.0224376731301939
"0X",15,54.32247,115.70438,1972,8.33333333333333,467,0.0178443968593862
"0X",15,54.32247,115.70438,1973,8.46666666666667,412,0.0205501618122977
"0X",15,54.32247,115.70438,1974,7.96666666666667,496,0.0160618279569892
"0X",15,54.32247,115.70438,1975,6.8,357,0.019047619047619
"0X",15,54.32247,115.70438,1976,8.86666666666667,349,0.0254059216809933
"0X",15,54.32247,115.70438,1977,9.7,384,0.0252604166666667
"0X",15,54.32247,115.70438,1978,8.93333333333333,347,0.0257444764649376
"0X",15,54.32247,115.70438,1979,6.76666666666667,441,0.0153439153439153
"0X",15,54.32247,115.70438,1980,10.5666666666667,423,0.0249802994483846
"0X",15,54.32247,115.70438,1981,8.6,349,0.0246418338108883
"0X",15,54.32247,115.70438,1982,7.36666666666667,367,0.0200726612170754
"0X",15,54.32247,115.70438,1983,8.83333333333333,390,0.0226495726495726
"0X",15,54.32247,115.70438,1984,8.56666666666667,402,0.0213101160862355
"0X",15,54.32247,115.70438,1985,8.7,445,0.0195505617977528
"0X",15,54.32247,115.70438,1986,8.63333333333333,376,0.0229609929078014
"0X",15,54.32247,115.70438,1987,10.3333333333333,359,0.0287836583101207
"0X",15,54.32247,115.70438,1988,10.3666666666667,337,0.0307616221562809
"0X",15,54.32247,115.70438,1989,8.7,369,0.0235772357723577
"0X",15,54.32247,115.70438,1990,8.63333333333333,388,0.0222508591065292
"0X",15,54.32247,115.70438,1991,8.9,451,0.0197339246119734
"0X",15,54.32247,115.70438,1992,9.1,351,0.0259259259259259
"0X",15,54.32247,115.70438,1993,9.46666666666667,423,0.0223798266351458
"0X",15,54.32247,115.70438,1994,9.16666666666667,454,0.0201908957415565
"0X",15,54.32247,115.70438,1995,8.93333333333333,316,0.0282700421940928
"0X",15,54.32247,115.70438,1996,7.36666666666667,430,0.0171317829457364
"0X",15,54.32247,115.70438,1997,7.63333333333333,536,0.0142412935323383
"0X",15,54.32247,115.70438,1998,10.6333333333333,421,0.0252573238321457
"0X",15,54.32247,115.70438,1999,8.06666666666667,433,0.0186297151655119
"0X",15,54.32247,115.70438,2000,7.43333333333333,303,0.0245324532453245
"0X",15,54.32247,115.70438,2001,8.26666666666667,275,0.0300606060606061
"0X",15,54.32247,115.70438,2002,6.66666666666667,255,0.0261437908496732
"0X",15,54.32247,115.70438,2003,8.1,385,0.021038961038961
"0X",15,54.32247,115.70438,2004,8.1,338,0.0239644970414201
"0X",15,54.32247,115.70438,2005,9.23333333333333,403,0.0229114971050455
"0X",15,54.32247,115.70438,2006,10.2666666666667,380,0.0270175438596491
"0X",15,54.32247,115.70438,2007,8.33333333333333,404,0.0206270627062706
"0X",15,54.32247,115.70438,2008,7.66666666666667,384,0.0199652777777778
"0X",15,54.32247,115.70438,2009,7.56666666666667,381,0.0198600174978128
"0Y",16,54.4762,116.78887,1972,8.43333333333333,446,0.0189088191330344
"0Y",16,54.4762,116.78887,1973,8.76666666666667,406,0.0215927750410509
"0Y",16,54.4762,116.78887,1974,8.23333333333333,484,0.0170110192837466
"0Y",16,54.4762,116.78887,1975,7.36666666666667,372,0.0198028673835125
"0Y",16,54.4762,116.78887,1976,9.03333333333333,396,0.0228114478114478
"0Y",16,54.4762,116.78887,1977,9.83333333333333,419,0.0234685759745426
"0Y",16,54.4762,116.78887,1978,9.2,344,0.0267441860465116
"0Y",16,54.4762,116.78887,1979,7,448,0.015625
"0Y",16,54.4762,116.78887,1980,10.9,403,0.0270471464019851
"0Y",16,54.4762,116.78887,1981,8.83333333333333,378,0.02336860670194
"0Y",16,54.4762,116.78887,1982,7.76666666666667,364,0.0213369963369963
"0Y",16,54.4762,116.78887,1983,9.23333333333333,399,0.023141186299081
"0Y",16,54.4762,116.78887,1984,8.76666666666667,431,0.0203402938901779
"0Y",16,54.4762,116.78887,1985,9,434,0.0207373271889401
"0Y",16,54.4762,116.78887,1986,8.8,387,0.0227390180878553
"0Y",16,54.4762,116.78887,1987,10.6666666666667,384,0.0277777777777778
"0Y",16,54.4762,116.78887,1988,10.5,364,0.0288461538461538
"0Y",16,54.4762,116.78887,1989,9.26666666666667,368,0.0251811594202899
"0Y",16,54.4762,116.78887,1990,9.03333333333333,386,0.0234024179620035
"0Y",16,54.4762,116.78887,1991,9.53333333333333,459,0.0207697893972404
"0Y",16,54.4762,116.78887,1992,9.56666666666667,350,0.0273333333333333
"0Y",16,54.4762,116.78887,1993,9.93333333333333,441,0.0225245653817082
"0Y",16,54.4762,116.78887,1994,9.56666666666667,473,0.0202255109231853
"0Y",16,54.4762,116.78887,1995,9.36666666666667,339,0.027630285152409
"0Y",16,54.4762,116.78887,1996,7.66666666666667,427,0.0179547228727557
"0Y",16,54.4762,116.78887,1997,8,507,0.0157790927021696
"0Y",16,54.4762,116.78887,1998,11.1,428,0.0259345794392523
"0Y",16,54.4762,116.78887,1999,8.33333333333333,460,0.0181159420289855
"0Y",16,54.4762,116.78887,2000,7.73333333333333,333,0.0232232232232232
"0Y",16,54.4762,116.78887,2001,8.4,296,0.0283783783783784
"0Y",16,54.4762,116.78887,2002,7,294,0.0238095238095238
"0Y",16,54.4762,116.78887,2003,8.53333333333333,390,0.0218803418803419
"0Y",16,54.4762,116.78887,2004,8.53333333333333,339,0.0251720747295969
"0Y",16,54.4762,116.78887,2005,9.6,417,0.023021582733813
"0Y",16,54.4762,116.78887,2006,10.5666666666667,390,0.0270940170940171
"0Y",16,54.4762,116.78887,2007,8.6,406,0.0211822660098522
"0Y",16,54.4762,116.78887,2008,8,395,0.020253164556962
"0Y",16,54.4762,116.78887,2009,7.96666666666667,394,0.0202199661590525
"0Z",17,53.04467,115.01394,1972,9.16666666666667,445,0.0205992509363296
"0Z",17,53.04467,115.01394,1973,9.16666666666667,424,0.0216194968553459
"0Z",17,53.04467,115.01394,1974,8.73333333333333,482,0.018118948824343
"0Z",17,53.04467,115.01394,1975,7.2,348,0.0206896551724138
"0Z",17,53.04467,115.01394,1976,9.66666666666667,325,0.0297435897435897
"0Z",17,53.04467,115.01394,1977,10.5666666666667,361,0.0292705447830102
"0Z",17,53.04467,115.01394,1978,9.63333333333333,379,0.0254177660510114
"0Z",17,53.04467,115.01394,1979,7.6,427,0.0177985948477752
"0Z",17,53.04467,115.01394,1980,11.2333333333333,446,0.025186846038864
"0Z",17,53.04467,115.01394,1981,9.26666666666667,366,0.0253187613843352
"0Z",17,53.04467,115.01394,1982,8.06666666666667,376,0.0214539007092199
"0Z",17,53.04467,115.01394,1983,9.66666666666667,367,0.0263396911898274
"0Z",17,53.04467,115.01394,1984,9.26666666666667,366,0.0253187613843352
"0Z",17,53.04467,115.01394,1985,9.5,446,0.0213004484304933
"0Z",17,53.04467,115.01394,1986,9.53333333333333,393,0.0242578456318914
"0Z",17,53.04467,115.01394,1987,11,344,0.0319767441860465
"0Z",17,53.04467,115.01394,1988,11.1666666666667,319,0.0350052246603971
"0Z",17,53.04467,115.01394,1989,9.3,366,0.0254098360655738
"0Z",17,53.04467,115.01394,1990,9.26666666666667,362,0.0255985267034991
"0Z",17,53.04467,115.01394,1991,9.46666666666667,442,0.0214177978883861
"0Z",17,53.04467,115.01394,1992,9.7,350,0.0277142857142857
"0Z",17,53.04467,115.01394,1993,9.96666666666667,432,0.023070987654321
"0Z",17,53.04467,115.01394,1994,9.9,429,0.0230769230769231
"0Z",17,53.04467,115.01394,1995,9.33333333333333,312,0.0299145299145299
"0Z",17,53.04467,115.01394,1996,8.26666666666667,413,0.0200161420500404
"0Z",17,53.04467,115.01394,1997,8.5,556,0.0152877697841727
"0Z",17,53.04467,115.01394,1998,11,440,0.025
"0Z",17,53.04467,115.01394,1999,8.63333333333333,432,0.0199845679012346
"0Z",17,53.04467,115.01394,2000,8.1,300,0.027
"0Z",17,53.04467,115.01394,2001,8.93333333333333,288,0.0310185185185185
"0Z",17,53.04467,115.01394,2002,7.43333333333333,257,0.0289234760051881
"0Z",17,53.04467,115.01394,2003,8.96666666666667,388,0.0231099656357388
"0Z",17,53.04467,115.01394,2004,8.83333333333333,337,0.0262116716122651
"0Z",17,53.04467,115.01394,2005,9.8,373,0.0262734584450402
"0Z",17,53.04467,115.01394,2006,11.0333333333333,391,0.0282182438192668
"0Z",17,53.04467,115.01394,2007,9.16666666666667,496,0.0184811827956989
"0Z",17,53.04467,115.01394,2008,8.33333333333333,395,0.0210970464135021
"0Z",17,53.04467,115.01394,2009,8.46666666666667,338,0.0250493096646943
"AA",18,55.72825,110.98185,1972,8.4,331,0.0253776435045317
"AA",18,55.72825,110.98185,1973,8.53333333333333,367,0.0232515894641235
"AA",18,55.72825,110.98185,1974,7.63333333333333,431,0.0177107501933488
"AA",18,55.72825,110.98185,1975,6.93333333333333,318,0.0218029350104822
"AA",18,55.72825,110.98185,1976,9.46666666666667,268,0.0353233830845771
"AA",18,55.72825,110.98185,1977,10.1,265,0.0381132075471698
"AA",18,55.72825,110.98185,1978,8.5,251,0.0338645418326693
"AA",18,55.72825,110.98185,1979,6.16666666666667,346,0.0178227360308285
"AA",18,55.72825,110.98185,1980,10.9,280,0.0389285714285714
"AA",18,55.72825,110.98185,1981,8.7,244,0.035655737704918
"AA",18,55.72825,110.98185,1982,7.26666666666667,272,0.0267156862745098
"AA",18,55.72825,110.98185,1983,8.3,255,0.0325490196078431
"AA",18,55.72825,110.98185,1984,9.06666666666667,342,0.0265107212475634
"AA",18,55.72825,110.98185,1985,8.56666666666667,382,0.0224258289703316
"AA",18,55.72825,110.98185,1986,8.56666666666667,295,0.0290395480225989
"AA",18,55.72825,110.98185,1987,10.2,284,0.0359154929577465
"AA",18,55.72825,110.98185,1988,10.0333333333333,289,0.034717416378316
"AA",18,55.72825,110.98185,1989,8.33333333333333,285,0.0292397660818713
"AA",18,55.72825,110.98185,1990,8.7,361,0.0240997229916898
"AA",18,55.72825,110.98185,1991,9.53333333333333,313,0.030457933972311
"AA",18,55.72825,110.98185,1992,8.6,316,0.0272151898734177
"AA",18,55.72825,110.98185,1993,8.93333333333333,298,0.0299776286353468
"AA",18,55.72825,110.98185,1994,8.96666666666667,305,0.0293989071038251
"AA",18,55.72825,110.98185,1995,8.43333333333333,269,0.0313506815365551
"AA",18,55.72825,110.98185,1996,7.26666666666667,327,0.0222222222222222
"AA",18,55.72825,110.98185,1997,7.63333333333333,406,0.0188013136288998
"AA",18,55.72825,110.98185,1998,10.8,291,0.0371134020618557
"AA",18,55.72825,110.98185,1999,8.36666666666667,272,0.0307598039215686
"AA",18,55.72825,110.98185,2000,7.2,228,0.0315789473684211
"AA",18,55.72825,110.98185,2001,8.53333333333333,250,0.0341333333333333
"AA",18,55.72825,110.98185,2002,6.03333333333333,196,0.0307823129251701
"AA",18,55.72825,110.98185,2003,8.3,290,0.0286206896551724
"AA",18,55.72825,110.98185,2004,7.1,334,0.0212574850299401
"AA",18,55.72825,110.98185,2005,9,335,0.026865671641791
"AA",18,55.72825,110.98185,2006,10.6666666666667,255,0.0418300653594771
"AA",18,55.72825,110.98185,2007,8.4,286,0.0293706293706294
"AA",18,55.72825,110.98185,2008,7.7,276,0.0278985507246377
"AA",18,55.72825,110.98185,2009,7.23333333333333,319,0.022675026123302
"AA",18,55.72825,110.98185,2010,8.83333333333333,337,0.0262116716122651
"CC",19,55.81953,115.21168,1972,8.1,382,0.0212041884816754
"CC",19,55.81953,115.21168,1973,8.63333333333333,389,0.0221936589545844
"CC",19,55.81953,115.21168,1974,7.76666666666667,427,0.0181889149102264
"CC",19,55.81953,115.21168,1975,7.2,331,0.0217522658610272
"CC",19,55.81953,115.21168,1976,9.03333333333333,362,0.0249539594843462
"CC",19,55.81953,115.21168,1977,9.73333333333333,362,0.0268876611418048
"CC",19,55.81953,115.21168,1978,8.76666666666667,295,0.0297175141242938
"CC",19,55.81953,115.21168,1979,6.33333333333333,397,0.0159529806884971
"CC",19,55.81953,115.21168,1980,10.6666666666667,330,0.0323232323232323
"CC",19,55.81953,115.21168,1981,8.56666666666667,342,0.0250487329434698
"CC",19,55.81953,115.21168,1982,7.4,317,0.0233438485804416
"CC",19,55.81953,115.21168,1983,8.53333333333333,349,0.024450811843362
"CC",19,55.81953,115.21168,1984,8.66666666666667,380,0.0228070175438596
"CC",19,55.81953,115.21168,1985,8.56666666666667,389,0.0220222793487575
"CC",19,55.81953,115.21168,1986,8.43333333333333,346,0.024373795761079
"CC",19,55.81953,115.21168,1987,10.1,349,0.0289398280802292
"CC",19,55.81953,115.21168,1988,9.86666666666667,339,0.0291052114060964
"CC",19,55.81953,115.21168,1989,8.76666666666667,317,0.0276550998948475
"CC",19,55.81953,115.21168,1990,8.63333333333333,381,0.0226596675415573
"CC",19,55.81953,115.21168,1991,9.56666666666667,369,0.0259259259259259
"CC",19,55.81953,115.21168,1992,9,357,0.0252100840336134
"CC",19,55.81953,115.21168,1993,9.3,352,0.0264204545454545
"CC",19,55.81953,115.21168,1994,9.13333333333333,365,0.0250228310502283
"CC",19,55.81953,115.21168,1995,8.9,325,0.0273846153846154
"CC",19,55.81953,115.21168,1996,7.2,372,0.0193548387096774
"CC",19,55.81953,115.21168,1997,7.5,410,0.0182926829268293
"CC",19,55.81953,115.21168,1998,10.7,345,0.0310144927536232
"CC",19,55.81953,115.21168,1999,8.06666666666667,344,0.0234496124031008
"CC",19,55.81953,115.21168,2000,7.23333333333333,305,0.0237158469945355
"CC",19,55.81953,115.21168,2001,8.33333333333333,297,0.0280583613916947
"CC",19,55.81953,115.21168,2002,6.13333333333333,272,0.0225490196078431
"CC",19,55.81953,115.21168,2003,8.23333333333333,346,0.0237957610789981
"CC",19,55.81953,115.21168,2004,7.46666666666667,333,0.0224224224224224
"CC",19,55.81953,115.21168,2005,9.13333333333333,355,0.0257276995305164
"CC",19,55.81953,115.21168,2006,10.6,300,0.0353333333333333
"CC",19,55.81953,115.21168,2007,8.4,301,0.027906976744186
"CC",19,55.81953,115.21168,2008,7.76666666666667,323,0.0240454076367389
"CC",19,55.81953,115.21168,2009,7.43333333333333,358,0.0207635009310987
"DD",20,56.8031,115.2583,1972,8.16666666666667,345,0.0236714975845411
"DD",20,56.8031,115.2583,1973,9.2,348,0.0264367816091954
"DD",20,56.8031,115.2583,1974,8.13333333333333,356,0.0228464419475655
"DD",20,56.8031,115.2583,1975,7.8,293,0.0266211604095563
"DD",20,56.8031,115.2583,1976,9.53333333333333,358,0.0266294227188082
"DD",20,56.8031,115.2583,1977,10,322,0.031055900621118
"DD",20,56.8031,115.2583,1978,8.73333333333333,259,0.0337194337194337
"DD",20,56.8031,115.2583,1979,6.36666666666667,357,0.0178338001867414
"DD",20,56.8031,115.2583,1980,10.9666666666667,257,0.0426718547341115
"DD",20,56.8031,115.2583,1981,8.56666666666667,285,0.0300584795321637
"DD",20,56.8031,115.2583,1982,7.56666666666667,263,0.0287705956907478
"DD",20,56.8031,115.2583,1983,8.36666666666667,288,0.0290509259259259
"DD",20,56.8031,115.2583,1984,9.16666666666667,333,0.0275275275275275
"DD",20,56.8031,115.2583,1985,8.66666666666667,296,0.0292792792792793
"DD",20,56.8031,115.2583,1986,8.43333333333333,297,0.0283950617283951
"DD",20,56.8031,115.2583,1987,10.2,303,0.0336633663366337
"DD",20,56.8031,115.2583,1988,9.8,296,0.0331081081081081
"DD",20,56.8031,115.2583,1989,8.83333333333333,271,0.0325953259532595
"DD",20,56.8031,115.2583,1990,8.86666666666667,344,0.0257751937984496
"DD",20,56.8031,115.2583,1991,10.1,308,0.0327922077922078
"DD",20,56.8031,115.2583,1992,9.03333333333333,336,0.0268849206349206
"DD",20,56.8031,115.2583,1993,9.5,293,0.0324232081911263
"DD",20,56.8031,115.2583,1994,9.4,285,0.0329824561403509
"DD",20,56.8031,115.2583,1995,9.1,291,0.0312714776632302
"DD",20,56.8031,115.2583,1996,7.5,315,0.0238095238095238
"DD",20,56.8031,115.2583,1997,7.7,320,0.0240625
"DD",20,56.8031,115.2583,1998,11.1,271,0.0409594095940959
"DD",20,56.8031,115.2583,1999,8.4,273,0.0307692307692308
"DD",20,56.8031,115.2583,2000,7.5,272,0.0275735294117647
"DD",20,56.8031,115.2583,2001,8.76666666666667,269,0.0325898389095415
"DD",20,56.8031,115.2583,2002,6.2,236,0.026271186440678
"DD",20,56.8031,115.2583,2003,8.53333333333333,297,0.0287317620650954
"DD",20,56.8031,115.2583,2004,7.46666666666667,300,0.0248888888888889
"DD",20,56.8031,115.2583,2005,9.33333333333333,283,0.032979976442874
"DD",20,56.8031,115.2583,2006,11,254,0.0433070866141732
"DD",20,56.8031,115.2583,2007,8.83333333333333,230,0.0384057971014493
"DD",20,56.8031,115.2583,2008,8.23333333333333,276,0.0298309178743961
"DD",20,56.8031,115.2583,2009,7.63333333333333,309,0.0247033441208198
"EE",21,57.18723,115.11473,1972,8.16666666666667,345,0.0236714975845411
"EE",21,57.18723,115.11473,1973,9.4,346,0.0271676300578035
"EE",21,57.18723,115.11473,1974,8.06666666666667,350,0.023047619047619
"EE",21,57.18723,115.11473,1975,8,285,0.0280701754385965
"EE",21,57.18723,115.11473,1976,9.8,364,0.0269230769230769
"EE",21,57.18723,115.11473,1977,9.96666666666667,320,0.0311458333333333
"EE",21,57.18723,115.11473,1978,8.5,254,0.0334645669291339
"EE",21,57.18723,115.11473,1979,6.26666666666667,352,0.0178030303030303
"EE",21,57.18723,115.11473,1980,11.1,242,0.0458677685950413
"EE",21,57.18723,115.11473,1981,8.43333333333333,264,0.0319444444444444
"EE",21,57.18723,115.11473,1982,7.5,250,0.03
"EE",21,57.18723,115.11473,1983,8.13333333333333,279,0.0291517323775388
"EE",21,57.18723,115.11473,1984,9.26666666666667,328,0.0282520325203252
"EE",21,57.18723,115.11473,1985,8.7,279,0.0311827956989247
"EE",21,57.18723,115.11473,1986,8.36666666666667,296,0.0282657657657658
"EE",21,57.18723,115.11473,1987,10.1333333333333,298,0.0340044742729307
"EE",21,57.18723,115.11473,1988,9.33333333333333,305,0.0306010928961749
"EE",21,57.18723,115.11473,1989,8.8,266,0.0330827067669173
"EE",21,57.18723,115.11473,1990,8.86666666666667,333,0.0266266266266266
"EE",21,57.18723,115.11473,1991,10.0666666666667,305,0.0330054644808743
"EE",21,57.18723,115.11473,1992,8.93333333333333,334,0.0267465069860279
"EE",21,57.18723,115.11473,1993,9.46666666666667,286,0.0331002331002331
"EE",21,57.18723,115.11473,1994,9.4,268,0.0350746268656716
"EE",21,57.18723,115.11473,1995,9.13333333333333,285,0.032046783625731
"EE",21,57.18723,115.11473,1996,7.46666666666667,297,0.0251402918069585
"EE",21,57.18723,115.11473,1997,7.66666666666667,296,0.0259009009009009
"EE",21,57.18723,115.11473,1998,11.1333333333333,259,0.042985842985843
"EE",21,57.18723,115.11473,1999,8.46666666666667,272,0.0311274509803922
"EE",21,57.18723,115.11473,2000,7.43333333333333,266,0.0279448621553885
"EE",21,57.18723,115.11473,2001,8.8,270,0.0325925925925926
"EE",21,57.18723,115.11473,2002,6.13333333333333,238,0.0257703081232493
"EE",21,57.18723,115.11473,2003,8.5,289,0.0294117647058824
"EE",21,57.18723,115.11473,2004,7.4,288,0.0256944444444444
"EE",21,57.18723,115.11473,2005,9.3,274,0.0339416058394161
"EE",21,57.18723,115.11473,2006,11,247,0.0445344129554656
"EE",21,57.18723,115.11473,2007,8.76666666666667,230,0.0381159420289855
"EE",21,57.18723,115.11473,2008,8.2,277,0.0296028880866426
"EE",21,57.18723,115.11473,2009,7.6,313,0.0242811501597444
"FF",22,56.43615,115.32547,1972,7.9,355,0.0222535211267606
"FF",22,56.43615,115.32547,1973,8.93333333333333,359,0.0248839368616527
"FF",22,56.43615,115.32547,1974,7.83333333333333,373,0.0210008936550491
"FF",22,56.43615,115.32547,1975,7.5,304,0.0246710526315789
"FF",22,56.43615,115.32547,1976,9.3,361,0.0257617728531856
"FF",22,56.43615,115.32547,1977,9.73333333333333,332,0.0293172690763052
"FF",22,56.43615,115.32547,1978,8.53333333333333,266,0.0320802005012531
"FF",22,56.43615,115.32547,1979,6.2,365,0.016986301369863
"FF",22,56.43615,115.32547,1980,10.7333333333333,279,0.0384707287933094
"FF",22,56.43615,115.32547,1981,8.36666666666667,305,0.027431693989071
"FF",22,56.43615,115.32547,1982,7.36666666666667,279,0.0264038231780167
"FF",22,56.43615,115.32547,1983,8.2,304,0.0269736842105263
"FF",22,56.43615,115.32547,1984,8.9,345,0.0257971014492754
"FF",22,56.43615,115.32547,1985,8.46666666666667,321,0.0263759086188993
"FF",22,56.43615,115.32547,1986,8.23333333333333,310,0.0265591397849462
"FF",22,56.43615,115.32547,1987,9.96666666666667,317,0.0314405888538381
"FF",22,56.43615,115.32547,1988,9.66666666666667,302,0.0320088300220751
"FF",22,56.43615,115.32547,1989,8.66666666666667,282,0.0307328605200946
"FF",22,56.43615,115.32547,1990,8.63333333333333,352,0.0245265151515151
"FF",22,56.43615,115.32547,1991,9.73333333333333,324,0.0300411522633745
"FF",22,56.43615,115.32547,1992,8.86666666666667,339,0.0261553588987217
"FF",22,56.43615,115.32547,1993,9.26666666666667,309,0.0299892125134844
"FF",22,56.43615,115.32547,1994,9.2,310,0.0296774193548387
"FF",22,56.43615,115.32547,1995,8.86666666666667,301,0.0294573643410853
"FF",22,56.43615,115.32547,1996,7.16666666666667,332,0.0215863453815261
"FF",22,56.43615,115.32547,1997,7.43333333333333,347,0.0214217098943324
"FF",22,56.43615,115.32547,1998,10.8,294,0.036734693877551
"FF",22,56.43615,115.32547,1999,8.16666666666667,293,0.027872582480091
"FF",22,56.43615,115.32547,2000,7.23333333333333,279,0.0259259259259259
"FF",22,56.43615,115.32547,2001,8.53333333333333,272,0.0313725490196078
"FF",22,56.43615,115.32547,2002,5.9,245,0.0240816326530612
"FF",22,56.43615,115.32547,2003,8.26666666666667,312,0.0264957264957265
"FF",22,56.43615,115.32547,2004,7.2,308,0.0233766233766234
"FF",22,56.43615,115.32547,2005,9.1,304,0.0299342105263158
"FF",22,56.43615,115.32547,2006,10.7,264,0.040530303030303
"FF",22,56.43615,115.32547,2007,8.53333333333333,250,0.0341333333333333
"FF",22,56.43615,115.32547,2008,7.96666666666667,287,0.0277584204413473
"FF",22,56.43615,115.32547,2009,7.33333333333333,320,0.0229166666666667
"HH",23,58.52923,117.292,1972,7.8,311,0.02508038585209
"HH",23,58.52923,117.292,1973,9.7,337,0.0287833827893175
"HH",23,58.52923,117.292,1974,8.03333333333333,311,0.0258306538049303
"HH",23,58.52923,117.292,1975,8.53333333333333,280,0.0304761904761905
"HH",23,58.52923,117.292,1976,10.0333333333333,363,0.0276400367309458
"HH",23,58.52923,117.292,1977,9.93333333333333,322,0.0308488612836439
"HH",23,58.52923,117.292,1978,8.33333333333333,238,0.0350140056022409
"HH",23,58.52923,117.292,1979,6.36666666666667,322,0.0197722567287785
"HH",23,58.52923,117.292,1980,11.2,225,0.0497777777777778
"HH",23,58.52923,117.292,1981,8.16666666666667,253,0.0322793148880105
"HH",23,58.52923,117.292,1982,7.9,257,0.0307392996108949
"HH",23,58.52923,117.292,1983,8.16666666666667,278,0.0293764988009592
"HH",23,58.52923,117.292,1984,9.4,332,0.0283132530120482
"HH",23,58.52923,117.292,1985,8.86666666666667,246,0.0360433604336043
"HH",23,58.52923,117.292,1986,8.06666666666667,299,0.0269788182831661
"HH",23,58.52923,117.292,1987,10.1,303,0.0333333333333333
"HH",23,58.52923,117.292,1988,8.86666666666667,338,0.026232741617357
"HH",23,58.52923,117.292,1989,9.23333333333333,260,0.0355128205128205
"HH",23,58.52923,117.292,1990,9.03333333333333,299,0.0302118171683389
"HH",23,58.52923,117.292,1991,10.2,316,0.0322784810126582
"HH",23,58.52923,117.292,1992,8.4,321,0.0261682242990654
"HH",23,58.52923,117.292,1993,9.46666666666667,263,0.0359949302915082
"HH",23,58.52923,117.292,1994,9.6,288,0.0333333333333333
"HH",23,58.52923,117.292,1995,9.73333333333333,253,0.038471673254282
"HH",23,58.52923,117.292,1996,7.7,227,0.033920704845815
"HH",23,58.52923,117.292,1997,7.8,306,0.0254901960784314
"HH",23,58.52923,117.292,1998,11.8,266,0.0443609022556391
"HH",23,58.52923,117.292,1999,8.9,303,0.0293729372937294
"HH",23,58.52923,117.292,2000,7.7,226,0.034070796460177
"HH",23,58.52923,117.292,2001,8.96666666666667,271,0.0330873308733087
"HH",23,58.52923,117.292,2002,6,280,0.0214285714285714
"HH",23,58.52923,117.292,2003,8.76666666666667,274,0.0319951338199513
"HH",23,58.52923,117.292,2004,7.26666666666667,237,0.0306610407876231
"HH",23,58.52923,117.292,2005,9.5,272,0.0349264705882353
"HH",23,58.52923,117.292,2006,11.1,270,0.0411111111111111
"HH",23,58.52923,117.292,2007,9.16666666666667,298,0.0307606263982103
"HH",23,58.52923,117.292,2008,8.46666666666667,317,0.0267087276550999
"HH",23,58.52923,117.292,2009,7.83333333333333,314,0.0249469214437367
"JJ",24,57.84962,115.37582,1972,8.4,325,0.0258461538461538
"JJ",24,57.84962,115.37582,1973,10.2,321,0.0317757009345794
"JJ",24,57.84962,115.37582,1974,8.6,328,0.026219512195122
"JJ",24,57.84962,115.37582,1975,8.86666666666667,267,0.0332084893882647
"JJ",24,57.84962,115.37582,1976,10.7,349,0.0306590257879656
"JJ",24,57.84962,115.37582,1977,10.4666666666667,301,0.0347729789590255
"JJ",24,57.84962,115.37582,1978,8.6,236,0.0364406779661017
"JJ",24,57.84962,115.37582,1979,6.5,322,0.0201863354037267
"JJ",24,57.84962,115.37582,1980,11.7666666666667,207,0.0568438003220612
"JJ",24,57.84962,115.37582,1981,8.63333333333333,241,0.0358229598893499
"JJ",24,57.84962,115.37582,1982,7.9,235,0.0336170212765957
"JJ",24,57.84962,115.37582,1983,8.03333333333333,259,0.031016731016731
"JJ",24,57.84962,115.37582,1984,10.0333333333333,305,0.032896174863388
"JJ",24,57.84962,115.37582,1985,9.13333333333333,256,0.0356770833333333
"JJ",24,57.84962,115.37582,1986,8.6,283,0.0303886925795053
"JJ",24,57.84962,115.37582,1987,10.6,280,0.0378571428571429
"JJ",24,57.84962,115.37582,1988,9.36666666666667,307,0.0305103148751357
"JJ",24,57.84962,115.37582,1989,9.03333333333333,249,0.0362784471218206
"JJ",24,57.84962,115.37582,1990,9.3,292,0.0318493150684932
"JJ",24,57.84962,115.37582,1991,10.4333333333333,303,0.0344334433443344
"JJ",24,57.84962,115.37582,1992,8.93333333333333,310,0.0288172043010753
"JJ",24,57.84962,115.37582,1993,9.63333333333333,268,0.0359452736318408
"JJ",24,57.84962,115.37582,1994,9.76666666666667,257,0.0380025940337224
"JJ",24,57.84962,115.37582,1995,9.73333333333333,266,0.0365914786967419
"JJ",24,57.84962,115.37582,1996,7.93333333333333,256,0.0309895833333333
"JJ",24,57.84962,115.37582,1997,8.06666666666667,270,0.0298765432098765
"JJ",24,57.84962,115.37582,1998,11.9333333333333,255,0.046797385620915
"JJ",24,57.84962,115.37582,1999,9.26666666666667,271,0.0341943419434194
"JJ",24,57.84962,115.37582,2000,7.96666666666667,245,0.0325170068027211
"JJ",24,57.84962,115.37582,2001,9.26666666666667,262,0.0353689567430025
"JJ",24,57.84962,115.37582,2002,6.43333333333333,251,0.0256308100929615
"JJ",24,57.84962,115.37582,2003,9.1,266,0.0342105263157895
"JJ",24,57.84962,115.37582,2004,7.53333333333333,259,0.0290862290862291
"JJ",24,57.84962,115.37582,2005,9.8,263,0.0372623574144487
"JJ",24,57.84962,115.37582,2006,11.6,251,0.0462151394422311
"JJ",24,57.84962,115.37582,2007,9.36666666666667,248,0.0377688172043011
"JJ",24,57.84962,115.37582,2008,8.6,274,0.0313868613138686
"JJ",24,57.84962,115.37582,2009,7.93333333333333,303,0.0261826182618262
"KK",25,57.99397,117.41682,1972,8.23333333333333,320,0.0257291666666667
"KK",25,57.99397,117.41682,1973,9.73333333333333,346,0.028131021194605
"KK",25,57.99397,117.41682,1974,8.4,311,0.0270096463022508
"KK",25,57.99397,117.41682,1975,8.46666666666667,278,0.0304556354916067
"KK",25,57.99397,117.41682,1976,9.96666666666667,366,0.0272313296903461
"KK",25,57.99397,117.41682,1977,10.2333333333333,320,0.0319791666666667
"KK",25,57.99397,117.41682,1978,8.86666666666667,240,0.0369444444444444
"KK",25,57.99397,117.41682,1979,6.8,337,0.0201780415430267
"KK",25,57.99397,117.41682,1980,11.3333333333333,237,0.0478199718706048
"KK",25,57.99397,117.41682,1981,8.66666666666667,271,0.031980319803198
"KK",25,57.99397,117.41682,1982,8.2,244,0.0336065573770492
"KK",25,57.99397,117.41682,1983,8.83333333333333,280,0.031547619047619
"KK",25,57.99397,117.41682,1984,9.46666666666667,331,0.0286002014098691
"KK",25,57.99397,117.41682,1985,9.16666666666667,244,0.037568306010929
"KK",25,57.99397,117.41682,1986,8.43333333333333,296,0.028490990990991
"KK",25,57.99397,117.41682,1987,10.4666666666667,304,0.0344298245614035
"KK",25,57.99397,117.41682,1988,9.6,312,0.0307692307692308
"KK",25,57.99397,117.41682,1989,9.7,254,0.0381889763779528
"KK",25,57.99397,117.41682,1990,9.33333333333333,304,0.0307017543859649
"KK",25,57.99397,117.41682,1991,10.4,304,0.0342105263157895
"KK",25,57.99397,117.41682,1992,9.13333333333333,311,0.0293676312968917
"KK",25,57.99397,117.41682,1993,9.86666666666667,272,0.0362745098039216
"KK",25,57.99397,117.41682,1994,9.9,297,0.0333333333333333
"KK",25,57.99397,117.41682,1995,9.73333333333333,268,0.036318407960199
"KK",25,57.99397,117.41682,1996,7.83333333333333,249,0.0314591700133869
"KK",25,57.99397,117.41682,1997,8.06666666666667,311,0.0259378349410504
"KK",25,57.99397,117.41682,1998,11.9333333333333,272,0.0438725490196078
"KK",25,57.99397,117.41682,1999,9.1,296,0.0307432432432432
"KK",25,57.99397,117.41682,2000,7.96666666666667,245,0.0325170068027211
"KK",25,57.99397,117.41682,2001,9.23333333333333,277,0.0333333333333333
"KK",25,57.99397,117.41682,2002,6.4,282,0.0226950354609929
"KK",25,57.99397,117.41682,2003,9.13333333333333,281,0.032502965599051
"KK",25,57.99397,117.41682,2004,7.7,257,0.0299610894941634
"KK",25,57.99397,117.41682,2005,9.86666666666667,277,0.0356197352587244
"KK",25,57.99397,117.41682,2006,11.4,278,0.0410071942446043
"KK",25,57.99397,117.41682,2007,9.4,298,0.0315436241610738
"KK",25,57.99397,117.41682,2008,8.63333333333333,314,0.0274946921443737
"KK",25,57.99397,117.41682,2009,8.06666666666667,307,0.0262757871878393
"MM",26,53.74975,116.61757,1972,7.8,466,0.0167381974248927
"MM",26,53.74975,116.61757,1973,7.96666666666667,403,0.0197684036393714
"MM",26,53.74975,116.61757,1974,7.66666666666667,469,0.0163468372423596
"MM",26,53.74975,116.61757,1975,6.46666666666667,366,0.0176684881602914
"MM",26,53.74975,116.61757,1976,8.33333333333333,353,0.0236071765816808
"MM",26,53.74975,116.61757,1977,9.23333333333333,384,0.0240451388888889
"MM",26,53.74975,116.61757,1978,8.46666666666667,364,0.0232600732600733
"MM",26,53.74975,116.61757,1979,6.46666666666667,432,0.0149691358024691
"MM",26,53.74975,116.61757,1980,10.0666666666667,425,0.0236862745098039
"MM",26,53.74975,116.61757,1981,8.13333333333333,353,0.0230406043437205
"MM",26,53.74975,116.61757,1982,6.96666666666667,360,0.0193518518518519
"MM",26,53.74975,116.61757,1983,8.53333333333333,395,0.0216033755274262
"MM",26,53.74975,116.61757,1984,7.93333333333333,408,0.0194444444444444
"MM",26,53.74975,116.61757,1985,8.33333333333333,440,0.0189393939393939
"MM",26,53.74975,116.61757,1986,8.2,389,0.0210796915167095
"MM",26,53.74975,116.61757,1987,9.93333333333333,373,0.0266309204647006
"MM",26,53.74975,116.61757,1988,9.96666666666667,337,0.0295746785361029
"MM",26,53.74975,116.61757,1989,8.43333333333333,378,0.022310405643739
"MM",26,53.74975,116.61757,1990,8.33333333333333,374,0.0222816399286988
"MM",26,53.74975,116.61757,1991,8.5,455,0.0186813186813187
"MM",26,53.74975,116.61757,1992,8.73333333333333,336,0.0259920634920635
"MM",26,53.74975,116.61757,1993,9.13333333333333,450,0.0202962962962963
"MM",26,53.74975,116.61757,1994,8.8,466,0.0188841201716738
"MM",26,53.74975,116.61757,1995,8.53333333333333,328,0.0260162601626016
"MM",26,53.74975,116.61757,1996,7.06666666666667,423,0.0167060677698976
"MM",26,53.74975,116.61757,1997,7.4,533,0.0138836772983114
"MM",26,53.74975,116.61757,1998,10.1333333333333,441,0.0229780801209373
"MM",26,53.74975,116.61757,1999,7.6,455,0.0167032967032967
"MM",26,53.74975,116.61757,2000,7.16666666666667,321,0.0223260643821391
"MM",26,53.74975,116.61757,2001,7.73333333333333,295,0.0262146892655367
"MM",26,53.74975,116.61757,2002,6.5,278,0.0233812949640288
"MM",26,53.74975,116.61757,2003,7.86666666666667,384,0.0204861111111111
"MM",26,53.74975,116.61757,2004,8.1,338,0.0239644970414201
"MM",26,53.74975,116.61757,2005,8.86666666666667,388,0.0228522336769759
"MM",26,53.74975,116.61757,2006,9.7,390,0.0248717948717949
"MM",26,53.74975,116.61757,2007,7.9,441,0.0179138321995465
"MM",26,53.74975,116.61757,2008,7.3,391,0.0186700767263427
"MM",26,53.74975,116.61757,2009,7.36666666666667,363,0.0202938475665748
"MM",26,53.74975,116.61757,2010,8.13333333333333,343,0.023712342079689
"PP",27,58.781,117.37814,1972,7.33333333333333,309,0.0237324703344121
"PP",27,58.781,117.37814,1973,9.43333333333333,330,0.0285858585858586
"PP",27,58.781,117.37814,1974,7.6,305,0.0249180327868852
"PP",27,58.781,117.37814,1975,8.23333333333333,273,0.0301587301587302
"PP",27,58.781,117.37814,1976,9.73333333333333,355,0.0274178403755869
"PP",27,58.781,117.37814,1977,9.53333333333333,316,0.030168776371308
"PP",27,58.781,117.37814,1978,7.76666666666667,235,0.0330496453900709
"PP",27,58.781,117.37814,1979,5.86666666666667,314,0.0186836518046709
"PP",27,58.781,117.37814,1980,10.8666666666667,218,0.0498470948012232
"PP",27,58.781,117.37814,1981,7.7,252,0.0305555555555556
"PP",27,58.781,117.37814,1982,7.46666666666667,263,0.0283903675538657
"PP",27,58.781,117.37814,1983,7.6,273,0.0278388278388278
"PP",27,58.781,117.37814,1984,9.03333333333333,321,0.028141225337487
"PP",27,58.781,117.37814,1985,8.36666666666667,247,0.0338731443994602
"PP",27,58.781,117.37814,1986,7.56666666666667,294,0.0257369614512472
"PP",27,58.781,117.37814,1987,9.7,298,0.0325503355704698
"PP",27,58.781,117.37814,1988,8.33333333333333,345,0.0241545893719807
"PP",27,58.781,117.37814,1989,8.73333333333333,260,0.0335897435897436
"PP",27,58.781,117.37814,1990,8.6,294,0.0292517006802721
"PP",27,58.781,117.37814,1991,9.83333333333333,317,0.0310199789695058
"PP",27,58.781,117.37814,1992,7.76666666666667,325,0.0238974358974359
"PP",27,58.781,117.37814,1993,9.06666666666667,253,0.035836627140975
"PP",27,58.781,117.37814,1994,9.23333333333333,285,0.0323976608187135
"PP",27,58.781,117.37814,1995,9.46666666666667,246,0.0384823848238482
"PP",27,58.781,117.37814,1996,7.33333333333333,213,0.0344287949921753
"PP",27,58.781,117.37814,1997,7.4,304,0.0243421052631579
"PP",27,58.781,117.37814,1998,11.4666666666667,259,0.0442728442728443
"PP",27,58.781,117.37814,1999,8.56666666666667,301,0.0284606866002215
"PP",27,58.781,117.37814,2000,7.26666666666667,214,0.0339563862928349
"PP",27,58.781,117.37814,2001,8.53333333333333,264,0.0323232323232323
"PP",27,58.781,117.37814,2002,5.56666666666667,276,0.0201690821256039
"PP",27,58.781,117.37814,2003,8.36666666666667,266,0.031453634085213
"PP",27,58.781,117.37814,2004,6.8,226,0.0300884955752212
"PP",27,58.781,117.37814,2005,9.06666666666667,266,0.0340852130325815
"PP",27,58.781,117.37814,2006,10.6666666666667,268,0.0398009950248756
"PP",27,58.781,117.37814,2007,8.73333333333333,297,0.0294051627384961
"PP",27,58.781,117.37814,2008,8.03333333333333,319,0.0251828631138976
"PP",27,58.781,117.37814,2009,7.43333333333333,317,0.0234490010515247
"PP",27,58.781,117.37814,2010,9.33333333333333,286,0.0326340326340326
"QQ",28,58.54185,115.61575,1972,7.9,314,0.0251592356687898
"QQ",28,58.54185,115.61575,1973,9.93333333333333,300,0.0331111111111111
"QQ",28,58.54185,115.61575,1974,8.1,315,0.0257142857142857
"QQ",28,58.54185,115.61575,1975,8.56666666666667,259,0.0330759330759331
"QQ",28,58.54185,115.61575,1976,10.4333333333333,343,0.0304178814382896
"QQ",28,58.54185,115.61575,1977,10,293,0.0341296928327645
"QQ",28,58.54185,115.61575,1978,8.06666666666667,224,0.0360119047619048
"QQ",28,58.54185,115.61575,1979,6.1,306,0.0199346405228758
"QQ",28,58.54185,115.61575,1980,11.4333333333333,194,0.0589347079037801
"QQ",28,58.54185,115.61575,1981,8.13333333333333,231,0.0352092352092352
"QQ",28,58.54185,115.61575,1982,7.53333333333333,234,0.0321937321937322
"QQ",28,58.54185,115.61575,1983,7.53333333333333,259,0.0290862290862291
"QQ",28,58.54185,115.61575,1984,9.63333333333333,287,0.0335656213704994
"QQ",28,58.54185,115.61575,1985,8.7,253,0.0343873517786561
"QQ",28,58.54185,115.61575,1986,8.13333333333333,276,0.0294685990338164
"QQ",28,58.54185,115.61575,1987,10.0666666666667,274,0.0367396593673966
"QQ",28,58.54185,115.61575,1988,8.76666666666667,326,0.0268916155419223
"QQ",28,58.54185,115.61575,1989,8.63333333333333,236,0.0365819209039548
"QQ",28,58.54185,115.61575,1990,8.9,277,0.032129963898917
"QQ",28,58.54185,115.61575,1991,10.0666666666667,314,0.0320594479830149
"QQ",28,58.54185,115.61575,1992,8.33333333333333,315,0.0264550264550265
"QQ",28,58.54185,115.61575,1993,9.16666666666667,255,0.0359477124183007
"QQ",28,58.54185,115.61575,1994,9.4,249,0.0377510040160643
"QQ",28,58.54185,115.61575,1995,9.3,244,0.0381147540983607
"QQ",28,58.54185,115.61575,1996,7.56666666666667,223,0.0339312406576981
"QQ",28,58.54185,115.61575,1997,7.66666666666667,256,0.0299479166666667
"QQ",28,58.54185,115.61575,1998,11.6333333333333,244,0.0476775956284153
"QQ",28,58.54185,115.61575,1999,8.9,276,0.0322463768115942
"QQ",28,58.54185,115.61575,2000,7.63333333333333,217,0.0351766513056836
"QQ",28,58.54185,115.61575,2001,8.9,251,0.0354581673306773
"QQ",28,58.54185,115.61575,2002,5.86666666666667,248,0.0236559139784946
"QQ",28,58.54185,115.61575,2003,8.7,250,0.0348
"QQ",28,58.54185,115.61575,2004,7.06666666666667,226,0.0312684365781711
"QQ",28,58.54185,115.61575,2005,9.36666666666667,255,0.0367320261437908
"QQ",28,58.54185,115.61575,2006,11.1333333333333,243,0.0458161865569273
"QQ",28,58.54185,115.61575,2007,9.03333333333333,250,0.0361333333333333
"QQ",28,58.54185,115.61575,2008,8.23333333333333,277,0.0297232250300842
"QQ",28,58.54185,115.61575,2009,7.56666666666667,304,0.024890350877193
"QQ",28,58.54185,115.61575,2010,9.6,257,0.0373540856031128
"SS",29,57.13625,117.73016,1972,7.56666666666667,341,0.0221896383186706
"SS",29,57.13625,117.73016,1973,8.66666666666667,360,0.0240740740740741
"SS",29,57.13625,117.73016,1974,7.6,332,0.0228915662650602
"SS",29,57.13625,117.73016,1975,7.43333333333333,289,0.0257208765859285
"SS",29,57.13625,117.73016,1976,8.93333333333333,375,0.0238222222222222
"SS",29,57.13625,117.73016,1977,9.43333333333333,332,0.0284136546184739
"SS",29,57.13625,117.73016,1978,8.2,247,0.0331983805668016
"SS",29,57.13625,117.73016,1979,5.93333333333333,354,0.0167608286252354
"SS",29,57.13625,117.73016,1980,10.4666666666667,260,0.0402564102564103
"SS",29,57.13625,117.73016,1981,7.96666666666667,297,0.0268237934904602
"SS",29,57.13625,117.73016,1982,7.33333333333333,248,0.0295698924731183
"SS",29,57.13625,117.73016,1983,8.2,291,0.0281786941580756
"SS",29,57.13625,117.73016,1984,8.53333333333333,340,0.0250980392156863
"SS",29,57.13625,117.73016,1985,8.36666666666667,252,0.0332010582010582
"SS",29,57.13625,117.73016,1986,7.76666666666667,293,0.0265073947667804
"SS",29,57.13625,117.73016,1987,9.6,320,0.03
"SS",29,57.13625,117.73016,1988,9.06666666666667,281,0.0322657176749703
"SS",29,57.13625,117.73016,1989,8.93333333333333,256,0.0348958333333333
"SS",29,57.13625,117.73016,1990,8.46666666666667,318,0.0266247379454927
"SS",29,57.13625,117.73016,1991,9.63333333333333,300,0.0321111111111111
"SS",29,57.13625,117.73016,1992,8.7,314,0.0277070063694267
"SS",29,57.13625,117.73016,1993,9.3,289,0.0321799307958478
"SS",29,57.13625,117.73016,1994,9.16666666666667,319,0.028735632183908
"SS",29,57.13625,117.73016,1995,8.86666666666667,289,0.0306805074971165
"SS",29,57.13625,117.73016,1996,7,280,0.025
"SS",29,57.13625,117.73016,1997,7.26666666666667,330,0.022020202020202
"SS",29,57.13625,117.73016,1998,10.8333333333333,289,0.0374855824682814
"SS",29,57.13625,117.73016,1999,8.03333333333333,302,0.0266004415011038
"SS",29,57.13625,117.73016,2000,7.13333333333333,276,0.0258454106280193
"SS",29,57.13625,117.73016,2001,8.23333333333333,294,0.0280045351473923
"SS",29,57.13625,117.73016,2002,5.93333333333333,294,0.0201814058956916
"SS",29,57.13625,117.73016,2003,8.16666666666667,304,0.0268640350877193
"SS",29,57.13625,117.73016,2004,7.43333333333333,286,0.025990675990676
"SS",29,57.13625,117.73016,2005,9.13333333333333,292,0.0312785388127854
"SS",29,57.13625,117.73016,2006,10.4333333333333,292,0.0357305936073059
"SS",29,57.13625,117.73016,2007,8.36666666666667,312,0.0268162393162393
"SS",29,57.13625,117.73016,2008,7.8,331,0.0235649546827795
"SS",29,57.13625,117.73016,2009,7.23333333333333,312,0.0231837606837607
"SS",29,57.13625,117.73016,2010,9,309,0.029126213592233
"TT",30,52.58402,115.35296,1972,8.2,487,0.0168377823408624
"TT",30,52.58402,115.35296,1973,8.2,437,0.0187643020594966
"TT",30,52.58402,115.35296,1974,7.93333333333333,479,0.016562282533055
"TT",30,52.58402,115.35296,1975,6.33333333333333,358,0.0176908752327747
"TT",30,52.58402,115.35296,1976,8.63333333333333,352,0.0245265151515151
"TT",30,52.58402,115.35296,1977,9.56666666666667,375,0.0255111111111111
"TT",30,52.58402,115.35296,1978,8.66666666666667,403,0.021505376344086
"TT",30,52.58402,115.35296,1979,6.8,413,0.0164648910411622
"TT",30,52.58402,115.35296,1980,10.1666666666667,479,0.0212247738343772
"TT",30,52.58402,115.35296,1981,8.23333333333333,396,0.0207912457912458
"TT",30,52.58402,115.35296,1982,7.16666666666667,392,0.0182823129251701
"TT",30,52.58402,115.35296,1983,8.73333333333333,378,0.0231040564373898
"TT",30,52.58402,115.35296,1984,8.2,365,0.0224657534246575
"TT",30,52.58402,115.35296,1985,8.66666666666667,428,0.0202492211838006
"TT",30,52.58402,115.35296,1986,8.7,424,0.0205188679245283
"TT",30,52.58402,115.35296,1987,10.1333333333333,357,0.0283846872082166
"TT",30,52.58402,115.35296,1988,10.1666666666667,334,0.030439121756487
"TT",30,52.58402,115.35296,1989,8.46666666666667,380,0.022280701754386
"TT",30,52.58402,115.35296,1990,8.3,382,0.0217277486910995
"TT",30,52.58402,115.35296,1991,8.56666666666667,464,0.0184626436781609
"TT",30,52.58402,115.35296,1992,9,376,0.023936170212766
"TT",30,52.58402,115.35296,1993,9.03333333333333,458,0.0197234352256186
"TT",30,52.58402,115.35296,1994,8.96666666666667,443,0.0202407825432656
"TT",30,52.58402,115.35296,1995,8.43333333333333,332,0.0254016064257028
"TT",30,52.58402,115.35296,1996,7.4,440,0.0168181818181818
"TT",30,52.58402,115.35296,1997,7.56666666666667,576,0.0131365740740741
"TT",30,52.58402,115.35296,1998,10.0333333333333,467,0.0214846538187009
"TT",30,52.58402,115.35296,1999,7.66666666666667,459,0.0167029774872912
"TT",30,52.58402,115.35296,2000,7.3,330,0.0221212121212121
"TT",30,52.58402,115.35296,2001,8,311,0.0257234726688103
"TT",30,52.58402,115.35296,2002,6.7,286,0.0234265734265734
"TT",30,52.58402,115.35296,2003,8.06666666666667,414,0.0194847020933977
"TT",30,52.58402,115.35296,2004,8.13333333333333,353,0.0230406043437205
"TT",30,52.58402,115.35296,2005,8.96666666666667,373,0.0240393208221626
"TT",30,52.58402,115.35296,2006,10,419,0.0238663484486874
"TT",30,52.58402,115.35296,2007,8.26666666666667,530,0.0155974842767296
"TT",30,52.58402,115.35296,2008,7.43333333333333,417,0.0178257394084732
"TT",30,52.58402,115.35296,2009,7.6,333,0.0228228228228228
"TT",30,52.58402,115.35296,2010,8.2,336,0.0244047619047619
"WW",31,52.04897,115.07789,1972,7.36666666666667,536,0.0137437810945274
"WW",31,52.04897,115.07789,1973,7.23333333333333,466,0.0155221745350501
"WW",31,52.04897,115.07789,1974,7.16666666666667,473,0.0151515151515152
"WW",31,52.04897,115.07789,1975,5.43333333333333,369,0.0147244805781391
"WW",31,52.04897,115.07789,1976,7.7,390,0.0197435897435897
"WW",31,52.04897,115.07789,1977,8.7,378,0.023015873015873
"WW",31,52.04897,115.07789,1978,7.6,450,0.0168888888888889
"WW",31,52.04897,115.07789,1979,6.1,399,0.0152882205513784
"WW",31,52.04897,115.07789,1980,9.1,510,0.017843137254902
"WW",31,52.04897,115.07789,1981,7.23333333333333,471,0.0153573956121727
"WW",31,52.04897,115.07789,1982,6.23333333333333,429,0.0145299145299145
"WW",31,52.04897,115.07789,1983,7.73333333333333,401,0.0192851205320033
"WW",31,52.04897,115.07789,1984,7.23333333333333,357,0.0202614379084967
"WW",31,52.04897,115.07789,1985,7.83333333333333,407,0.0192465192465192
"WW",31,52.04897,115.07789,1986,8.06666666666667,492,0.0163956639566396
"WW",31,52.04897,115.07789,1987,9.36666666666667,393,0.0238337574215437
"WW",31,52.04897,115.07789,1988,9.16666666666667,343,0.0267249757045675
"WW",31,52.04897,115.07789,1989,7.56666666666667,387,0.0195521102497847
"WW",31,52.04897,115.07789,1990,7.4,420,0.0176190476190476
"WW",31,52.04897,115.07789,1991,7.63333333333333,487,0.0156741957563313
"WW",31,52.04897,115.07789,1992,8.3,416,0.0199519230769231
"WW",31,52.04897,115.07789,1993,8.1,491,0.0164969450101833
"WW",31,52.04897,115.07789,1994,8.03333333333333,450,0.0178518518518519
"WW",31,52.04897,115.07789,1995,7.36666666666667,365,0.0201826484018265
"WW",31,52.04897,115.07789,1996,6.43333333333333,483,0.0133195307108351
"WW",31,52.04897,115.07789,1997,6.66666666666667,618,0.0107874865156419
"WW",31,52.04897,115.07789,1998,9,523,0.017208413001912
"WW",31,52.04897,115.07789,1999,6.7,481,0.0139293139293139
"WW",31,52.04897,115.07789,2000,6.4,352,0.0181818181818182
"WW",31,52.04897,115.07789,2001,7.2,334,0.0215568862275449
"WW",31,52.04897,115.07789,2002,5.9,326,0.0180981595092025
"WW",31,52.04897,115.07789,2003,7.3,453,0.0161147902869757
"WW",31,52.04897,115.07789,2004,7.26666666666667,383,0.0189730200174064
"WW",31,52.04897,115.07789,2005,8,420,0.019047619047619
"WW",31,52.04897,115.07789,2006,9.13333333333333,472,0.0193502824858757
"WW",31,52.04897,115.07789,2007,7.46666666666667,551,0.0135511191772535
"WW",31,52.04897,115.07789,2008,6.56666666666667,439,0.014958238420653
"WW",31,52.04897,115.07789,2009,6.73333333333333,347,0.01940441882805
"WW",31,52.04897,115.07789,2010,7.2,379,0.0189973614775726
"XX",32,56.51937,111.29796,1972,8.6,347,0.0247838616714697
"XX",32,56.51937,111.29796,1973,9.4,352,0.0267045454545455
"XX",32,56.51937,111.29796,1974,8.13333333333333,425,0.0191372549019608
"XX",32,56.51937,111.29796,1975,7.9,317,0.0249211356466877
"XX",32,56.51937,111.29796,1976,10.1333333333333,299,0.0338907469342252
"XX",32,56.51937,111.29796,1977,10.4333333333333,283,0.036866902237927
"XX",32,56.51937,111.29796,1978,8.6,245,0.0351020408163265
"XX",32,56.51937,111.29796,1979,6.46666666666667,337,0.019188921859545
"XX",32,56.51937,111.29796,1980,11.5333333333333,250,0.0461333333333333
"XX",32,56.51937,111.29796,1981,8.73333333333333,243,0.0359396433470508
"XX",32,56.51937,111.29796,1982,7.56666666666667,259,0.0292149292149292
"XX",32,56.51937,111.29796,1983,8.26666666666667,252,0.0328042328042328
"XX",32,56.51937,111.29796,1984,9.7,317,0.0305993690851735
"XX",32,56.51937,111.29796,1985,8.9,351,0.0253561253561254
"XX",32,56.51937,111.29796,1986,8.76666666666667,293,0.0299203640500569
"XX",32,56.51937,111.29796,1987,10.4666666666667,279,0.0375149342891278
"XX",32,56.51937,111.29796,1988,9.76666666666667,296,0.0329954954954955
"XX",32,56.51937,111.29796,1989,8.56666666666667,279,0.0307048984468339
"XX",32,56.51937,111.29796,1990,8.96666666666667,360,0.0249074074074074
"XX",32,56.51937,111.29796,1991,10,312,0.032051282051282
"XX",32,56.51937,111.29796,1992,8.8,334,0.0263473053892216
"XX",32,56.51937,111.29796,1993,9.3,289,0.0321799307958478
"XX",32,56.51937,111.29796,1994,9.4,291,0.0323024054982818
"XX",32,56.51937,111.29796,1995,9.06666666666667,274,0.0330900243309002
"XX",32,56.51937,111.29796,1996,7.6,315,0.0241269841269841
"XX",32,56.51937,111.29796,1997,7.9,374,0.0211229946524064
"XX",32,56.51937,111.29796,1998,11.3666666666667,275,0.0413333333333333
"XX",32,56.51937,111.29796,1999,8.83333333333333,269,0.0328376703841388
"XX",32,56.51937,111.29796,2000,7.6,229,0.0331877729257642
"XX",32,56.51937,111.29796,2001,8.9,251,0.0354581673306773
"XX",32,56.51937,111.29796,2002,6.23333333333333,198,0.0314814814814815
"XX",32,56.51937,111.29796,2003,8.76666666666667,285,0.0307602339181287
"XX",32,56.51937,111.29796,2004,7.2,326,0.0220858895705521
"XX",32,56.51937,111.29796,2005,9.33333333333333,310,0.0301075268817204
"XX",32,56.51937,111.29796,2006,11.2,245,0.0457142857142857
"XX",32,56.51937,111.29796,2007,8.86666666666667,257,0.0345006485084306
"XX",32,56.51937,111.29796,2008,8.16666666666667,274,0.0298053527980535
"XX",32,56.51937,111.29796,2009,7.53333333333333,320,0.0235416666666667
"XX",32,56.51937,111.29796,2010,9.5,320,0.0296875
"YY",33,57.14961,111.63776,1972,9.26666666666667,325,0.0285128205128205
"YY",33,57.14961,111.63776,1973,10.5,326,0.0322085889570552
"YY",33,57.14961,111.63776,1974,8.93333333333333,364,0.0245421245421245
"YY",33,57.14961,111.63776,1975,9.03333333333333,287,0.0314750290360046
"YY",33,57.14961,111.63776,1976,11.1,302,0.0367549668874172
"YY",33,57.14961,111.63776,1977,11.1666666666667,278,0.0401678657074341
"YY",33,57.14961,111.63776,1978,9.1,220,0.0413636363636364
"YY",33,57.14961,111.63776,1979,7.06666666666667,298,0.0237136465324385
"YY",33,57.14961,111.63776,1980,12.4,214,0.0579439252336449
"YY",33,57.14961,111.63776,1981,9.3,219,0.0424657534246575
"YY",33,57.14961,111.63776,1982,8.3,228,0.0364035087719298
"YY",33,57.14961,111.63776,1983,8.76666666666667,237,0.0369901547116737
"YY",33,57.14961,111.63776,1984,10.7,285,0.0375438596491228
"YY",33,57.14961,111.63776,1985,9.56666666666667,287,0.0333333333333333
"YY",33,57.14961,111.63776,1986,9.33333333333333,270,0.0345679012345679
"YY",33,57.14961,111.63776,1987,11.0666666666667,250,0.0442666666666667
"YY",33,57.14961,111.63776,1988,10.1333333333333,297,0.0341189674523008
"YY",33,57.14961,111.63776,1989,9.33333333333333,247,0.0377867746288799
"YY",33,57.14961,111.63776,1990,9.73333333333333,324,0.0300411522633745
"YY",33,57.14961,111.63776,1991,10.9666666666667,290,0.037816091954023
"YY",33,57.14961,111.63776,1992,9.4,326,0.0288343558282209
"YY",33,57.14961,111.63776,1993,10.1333333333333,261,0.0388250319284802
"YY",33,57.14961,111.63776,1994,10.2333333333333,243,0.0421124828532236
"YY",33,57.14961,111.63776,1995,9.93333333333333,258,0.0385012919896641
"YY",33,57.14961,111.63776,1996,8.33333333333333,275,0.0303030303030303
"YY",33,57.14961,111.63776,1997,8.56666666666667,299,0.0286510590858417
"YY",33,57.14961,111.63776,1998,12.3,233,0.0527896995708155
"YY",33,57.14961,111.63776,1999,9.73333333333333,251,0.0387782204515272
"YY",33,57.14961,111.63776,2000,8.46666666666667,228,0.0371345029239766
"YY",33,57.14961,111.63776,2001,9.66666666666667,235,0.0411347517730496
"YY",33,57.14961,111.63776,2002,6.86666666666667,189,0.036331569664903
"YY",33,57.14961,111.63776,2003,9.46666666666667,255,0.037124183006536
"YY",33,57.14961,111.63776,2004,7.8,277,0.028158844765343
"YY",33,57.14961,111.63776,2005,10.1,260,0.0388461538461538
"YY",33,57.14961,111.63776,2006,12.0333333333333,205,0.0586991869918699
"YY",33,57.14961,111.63776,2007,9.73333333333333,200,0.0486666666666667
"YY",33,57.14961,111.63776,2008,8.96666666666667,257,0.0348897535667964
"YY",33,57.14961,111.63776,2009,8.3,295,0.028135593220339
"YY",33,57.14961,111.63776,2010,10.3666666666667,272,0.0381127450980392
"ZZ",34,56.02589,110.88319,1972,8.4,334,0.0251497005988024
"ZZ",34,56.02589,110.88319,1973,8.73333333333333,356,0.0245318352059925
"ZZ",34,56.02589,110.88319,1974,7.73333333333333,431,0.0179427687548337
"ZZ",34,56.02589,110.88319,1975,7.13333333333333,321,0.0222222222222222
"ZZ",34,56.02589,110.88319,1976,9.66666666666667,273,0.0354090354090354
"ZZ",34,56.02589,110.88319,1977,10.1,267,0.0378277153558052
"ZZ",34,56.02589,110.88319,1978,8.5,248,0.0342741935483871
"ZZ",34,56.02589,110.88319,1979,6.2,337,0.0183976261127596
"ZZ",34,56.02589,110.88319,1980,11.0666666666667,264,0.0419191919191919
"ZZ",34,56.02589,110.88319,1981,8.66666666666667,237,0.0365682137834037
"ZZ",34,56.02589,110.88319,1982,7.3,265,0.0275471698113208
"ZZ",34,56.02589,110.88319,1983,8.2,250,0.0328
"ZZ",34,56.02589,110.88319,1984,9.2,333,0.0276276276276276
"ZZ",34,56.02589,110.88319,1985,8.63333333333333,372,0.0232078853046595
"ZZ",34,56.02589,110.88319,1986,8.56666666666667,290,0.0295402298850575
"ZZ",34,56.02589,110.88319,1987,10.2333333333333,280,0.0365476190476191
"ZZ",34,56.02589,110.88319,1988,9.86666666666667,285,0.0346198830409357
"ZZ",34,56.02589,110.88319,1989,8.33333333333333,283,0.0294464075382803
"ZZ",34,56.02589,110.88319,1990,8.73333333333333,363,0.024058769513315
"ZZ",34,56.02589,110.88319,1991,9.66666666666667,307,0.0314875135722041
"ZZ",34,56.02589,110.88319,1992,8.63333333333333,316,0.0273206751054852
"ZZ",34,56.02589,110.88319,1993,8.96666666666667,292,0.0307077625570776
"ZZ",34,56.02589,110.88319,1994,9.06666666666667,300,0.0302222222222222
"ZZ",34,56.02589,110.88319,1995,8.46666666666667,269,0.0314745972738538
"ZZ",34,56.02589,110.88319,1996,7.33333333333333,323,0.022703818369453
"ZZ",34,56.02589,110.88319,1997,7.66666666666667,398,0.0192629815745394
"ZZ",34,56.02589,110.88319,1998,10.9,282,0.0386524822695035
"ZZ",34,56.02589,110.88319,1999,8.43333333333333,267,0.031585518102372
"ZZ",34,56.02589,110.88319,2000,7.3,225,0.0324444444444444
"ZZ",34,56.02589,110.88319,2001,8.66666666666667,250,0.0346666666666667
"ZZ",34,56.02589,110.88319,2002,6.06666666666667,195,0.0311111111111111
"ZZ",34,56.02589,110.88319,2003,8.46666666666667,285,0.0297076023391813
"ZZ",34,56.02589,110.88319,2004,7.03333333333333,336,0.0209325396825397
"ZZ",34,56.02589,110.88319,2005,9.06666666666667,324,0.0279835390946502
"ZZ",34,56.02589,110.88319,2006,10.8333333333333,253,0.0428194993412385
"ZZ",34,56.02589,110.88319,2007,8.5,279,0.0304659498207885
"ZZ",34,56.02589,110.88319,2008,7.8,273,0.0285714285714286
"ZZ",34,56.02589,110.88319,2009,7.3,316,0.0231012658227848
"ZZ",34,56.02589,110.88319,2010,9.06666666666667,332,0.0273092369477912
